Company Details,,,,,,,,,,Yellow colour means Interim Dividend,,,,,,,,,,,,,,,,,,,,,,,,,,,,,,,,,,,,,,,,,,,,,,,,,,,,,,,
,,Estabilished,Quoted Date,FY Ending,2026,2025,2024,2023,2022,2021,2020,2019,2018,2017,2016,2015,2014,2013,2012,2011,2010,2009,2008,2007,2006,2005,2004,2003,2002,2001,2000,1999,1998,1997,1996,1995,1994,1993,1992,1991,1990,1989,1988,1987,1986,1985,1984,1983,1982,1981,1980,1979,1978,1977,1976,1975,1974,1973,1972,1971,1970,1969,1968,1967,1966
Application Software,,,,,,,,,,,,,,,,,,,,,,,,,,,,,,,,,,,,,,,,,,,,,,,,,,,,,,,,,,,,,,,,,
hSenid Business Solutions PLC,HBS,2005,2021,March,,,1.25,0.35,0.30,,,,,,,,,,,,,,,,,,,,,,,,,,,,,,,,,,,,,,,,,,,,,,,,,,,,,,,,
Banking,,,,,,,,,,,,,,,,,,,,,,,,,,,,,,,,,,,,,,,,,,,,,,,,,,,,,,,,,,,,,,,,,
Amana Bank PLC,ABL,2009,2014,December,,1.30,1.20,0.12,0.10,0.10,0.08,0.08,0.07,0.00,0.00,0.00,0.00,,,,,,,,,,,,,,,,,,,,,,,,,,,,,,,,,,,,,,,,,,,,,,,,
Commercial Bank of Ceylon PLC,COMB,1969,1970,December,,,9.50,6.50,4.50,7.50,6.50,6.50,6.50,6.50,6.50,6.50,6.50,6.50,6.50,6.00,7.00,7.00,7.00,7.00,5.00,4.50,6.00,5.00,5.00,4.50,4.00,4.00,,,,,,,,,,,,,,,,,,,,,,,,,,,,,,,,,
DFCC Bank PLC,DFCC,1955,1956,December,,,6.00,5.00,2.00,3.00,3.00,3.00,3.50,5.00,4.50,8.50,5.50,5.00,4.00,10.00,6.00,5.00,5.00,5.00,6.00,5.50,5.50,5.50,5.00,4.50,4.00,4.00,,,,,,,,,,,,,,,,,,,,,,,,,,,,,,,,,
DFCC Vardhana Bank PLC ,DVBD,1995,2011,December,,,0.00,0.00,0.00,0.00,0.00,0.00,0.00,0.00,0.00,0.00,0.90,0.50,0.50,0.40,0.30,0.30,0.10,0.10,,,,,,,,,,,,,,,,,,,,,,,,,,,,,,,,,,,,,,,,,
Hatton National Bank PLC ,HNB,1970,1971,December,,,15.00,8.00,5.00,9.00,8.00,8.00,8.50,8.50,8.50,8.50,8.50,8.50,8.50,7.50,7.00,6.50,4.00,3.50,5.00,4.00,3.50,4.00,3.00,1.50,4.00,4.00,,,,,,,,,,,,,,,,,,,,,,,,,,,,,,,,,
HDFC Bank of Ceylon PLC,HDFC,1984,2003,December,,,0.00,0.00,0.00,0.00,0.25,0.00,0.00,0.00,0.00,0.75,0.60,0.25,0.00,0.00,5.00,5.00,0.00,5.00,10.00,4.75,,,,,,,,,,,,,,,,,,,,,,,,,,,,,,,,,,,,,,,
National Development Bank PLC  ,NDB,1979,1993,December,,,8.00,5.00,2.50,5.50,1.50,7.00,8.00,9.00,8.00,11.00,11.00,10.00,15.00,7.50,8.50,8.00,6.75,6.00,5.00,4.00,6.00,5.75,5.75,5.50,8.50,4.50,4.50,6.50,6.50,5.50,,,,,,,,,,,,,,,,,,,,,,,,,,,,,
Nations Trust Bank PLC ,NTB,1999,1999,December,,,6.50,5.00,4.00,3.50,2.00,2.30,2.10,2.10,2.10,2.10,2.10,2.10,2.10,2.10,2.00,1.50,1.50,1.00,,,,,,,,,,,,,,,,,,,,,,,,,,,,,,,,,,,,,,,,,
Pan Asia Banking Corporation PLC,PABC,1995,2005,December,,,1.00,0.25,0.00,0.00,0.00,0.00,0.00,0.00,0.00,0.50,0.00,0.00,1.00,1.00,0.00,0.00,0.00,0.75,,,,,,,,,,,,,,,,,,,,,,,,,,,,,,,,,,,,,,,,,
Sampath Bank PLC,SAMP,1986,1987,December,,,9.35,5.85,4.60,4.25,8.25,11.75,16.25,17.20,18.75,12.00,12.00,8.00,12.00,9.00,8.09,6.25,4.00,3.00,2.50,2.00,2.00,2.00,2.00,1.75,1.75,4.00,,,,,,,,,,,,,,,,,,,,,,,,,,,,,,,,,
Sanasa Development Bank PLC,SDB,1987,2012,December,,,0.00,0.00,0.00,1.50,2.25,7.00,0.00,6.00,7.50,8.50,10.00,7.00,10.00,,,,,,,,,,,,,,,,,,,,,,,,,,,,,,,,,,,,,,,,,,,,,,
Seylan Bank PLC ,SEYB,1987,1989,December,,,3.50,2.50,2.00,3.00,1.50,2.00,2.50,3.50,3.25,2.75,2.50,2.25,2.00,1.00,1.00,0.50,0.00,1.50,1.50,2.00,1.60,1.50,1.50,1.25,1.20,1.00,,,,,,,,,,,,,,,,,,,,,,,,,,,,,,,,,
Union Bank of ColomboPLC,UBC,1995,2011,December,,,0.00,0.00,0.00,0.00,0.13,0.14,0.00,0.10,0.10,0.04,0.00,0.25,0.50,,,,,,,,,,,,,,,,,,,,,,,,,,,,,,,,,,,,,,,,,,,,,,
Finance ,,,,,,,,,,,,,,,,,,,,,,,,,,,,,,,,,,,,,,,,,,,,,,,,,,,,,,,,,,,,,,,,,
Abans Finance PLC,AFSL,2005,2011,March,,,0.00,0.00,0.00,0.00,0.00,0.00,0.00,0.20,0.00,0.00,0.00,0.00,0.00,0.00,,,,,,,,,,,,,,,,,,,,,,,,,,,,,,,,,,,,,,,,,,,,,
Alliance Finance Company PLC,ALLI,1956,1959,March,,17.20,8.40,5.00,14.50,5.50,0.00,1.00,6.40,5.90,53.00,23.00,20.00,40.00,45.00,27.50,3.50,3.50,4.00,3.50,5.00,3.00,2.50,1.25,1.75,1.50,2.00,,,,,,,,,,,,,,,,,,,,,,,,,,,,,,,,,,
Amana Takaful PLC,ATL,1956,2006,December,,,0.00,0.00,0.00,0.00,0.00,0.00,0.00,0.00,0.00,0.00,0.00,0.00,0.00,0.00,0.00,0.00,0.00,0.00,,,,,,,,,,,,,,,,,,,,,,,,,,,,,,,,,,,,,,,,,
AMW Capital Leasing & Finance PLC ,AMCL,2006,2011,March,,,0.00,0.00,0.00,0.00,0.00,0.00,0.00,1.65,2.31,1.05,0.85,0.55,0.60,0.65,1.50,0.59,0.20,0.00,,,,,,,,,,,,,,,,,,,,,,,,,,,,,,,,,,,,,,,,,
Arphico Finance Company PLC,ARPI,1951,1955,March,,,0.00,0.00,0.00,0.00,0.00,6.25,5.28,0.00,4.50,3.75,2.50,2.00,2.00,2.00,1.50,1.50,3.00,2.50,3.00,2.00,1.50,0.00,1.50,1.00,0.50,1.25,,,,,,,,,,,,,,,,,,,,,,,,,,,,,,,,,
Asia Asset Finance Limited,AAF,2008,2012,December,,,0.70,0.70,0.70,0.00,0.00,0.00,0.00,0.07,0.00,0.00,0.00,0.00,,,,,,,,,,,,,,,,,,,,,,,,,,,,,,,,,,,,,,,,,,,,,,,
Asia Capitals PLC ,ACAP,1991,1994,March,,,0.00,0.00,0.00,0.00,0.00,0.00,0.00,0.00,0.00,0.00,0.00,0.00,6.95,,,,,,,,,,,,,,,,,,,,,,,,,,,,,,,,,,,,,,,,,,,,,,
Associated Motor Finance Company PLC,AMF,1962,2011,March,,,0.00,0.00,0.00,0.00,0.00,0.00,0.00,12.50,15.00,12.00,10.00,10.00,4.00,3.00,,,,,,,,,,,,,,,,,,,,,,,,,,,,,,,,,,,,,,,,,,,,,
Bimputh Finance PLC,BLI,2007,2011,March,,,0.00,0.00,0.00,0.00,0.00,0.00,0.00,1.00,1.50,0.00,0.00,0.00,0.00,0.00,0.00,0.00,0.00,0.00,,,,,,,,,,,,,,,,,,,,,,,,,,,,,,,,,,,,,,,,,
Capital Alliance PLC,CALT,2000,2021,March,,4.00,25.50,3.04,0.00,,,,,,,,,,,,,,,,,,,,,,,,,,,,,,,,,,,,,,,,,,,,,,,,,,,,,,,,
Capital Alliance Holdings PLC,CALH,2003,2025,March,1.00,,,,,,,,,,,,,,,,,,,,,,,,,,,,,,,,,,,,,,,,,,,,,,,,,,,,,,,,,,,,
LOLC Development Finance PLC,NIFL,1961,2011,March,,,0.00,0.00,0.00,0.00,0.00,0.00,0.04,0.00,0.00,0.00,0.00,0.00,0.07,0.07,,,,,,,,,,,,,,,,,,,,,,,,,,,,,,,,,,,,,,,,,,,,,
Dialog Finance PLC,CALF,1981,2011,March,,,0.00,0.00,0.00,0.00,0.00,0.00,0.00,0.00,0.00,0.00,0.00,0.00,0.00,0.00,,,,,,,,,,,,,,,,,,,,,,,,,,,,,,,,,,,,,,,,,,,,,
N D B Capital Holdings PLC,CDIC,1983,1996,December,,,0.00,0.00,0.00,0.00,0.00,0.00,0.00,0.00,0.00,0.00,0.00,8.50,16.40,1.25,4.10,2.25,3.13,2.85,1.20,10.70,0.70,2.25,0.00,1.80,2.50,1.20,4.00,,,,,,,,,,,,,,,,,,,,,,,,,,,,,,,,
Central Finance Company PLC,CFIN,1957,1969,March,,6.50,4.50,4.25,3.50,3.50,2.40,3.60,4.00,2.35,4.00,3.50,3.20,2.90,2.50,10.50,6.00,5.00,4.50,4.50,3.50,2.85,4.00,3.00,1.75,1.50,3.50,3.60,3.20,4.50,4.00,3.50,,,,,,,,,,,,,,,,,,,,,,,,,,,,,
Central Investments & Finance Limited,CIFL,1966,2011,March,,,0.00,0.00,0.00,0.00,0.00,0.00,0.00,0.00,0.00,0.00,0.00,0.00,0.00,,,,,,,,,,,,,,,,,,,,,,,,,,,,,,,,,,,,,,,,,,,,,,
Chilaw Finance Ltd ,CFL,1980,2011,March,,,0.00,0.00,0.00,0.00,0.00,0.00,0.00,0.00,0.00,0.00,0.00,0.50,0.75,0.50,,,,,,,,,,,,,,,,,,,,,,,,,,,,,,,,,,,,,,,,,,,,,
Citizens Development Business Finance PLC,CDB,1995,2010,March,,15.00,7.00,5.00,3.75,7.50,0.00,5.00,5.00,3.50,3.00,3.50,3.00,2.75,2.50,2.00,0.50,0.00,,,,,,,,,,,,,,,,,,,,,,,,,,,,,,,,,,,,,,,,,,,
Commercial Credit & Finance PLC,COCR,1982,2011,March,,6.00,4.00,1.00,3.00,1.50,0.00,1.00,0.75,1.50,1.00,1.50,0.50,0.00,1.00,,,,,,,,,,,,,,,,,,,,,,,,,,,,,,,,,,,,,,,,,,,,,,
Entrust Securities PLC,ESL,2000,2011,March,,,0.00,0.00,0.00,0.00,0.00,0.00,0.00,0.00,0.00,0.00,1.61,,,,,,,,,,,,,,,,,,,,,,,,,,,,,,,,,,,,,,,,,,,,,,,,
First Capital Holdings PLC ,CFVF,1992,1994,March,7.00,7.50,"17,25",2.25,0.00,5.00,9.00,0.00,2.00,2.00,0.00,4.00,2.00,2.00,2.00,0.00,15.00,0.00,0.00,,,,,,,,,,,,,,,,,,,,,,,,,,,,,,,,,,,,,,,,,,
First Capital Treasuries PLC ,FCT,1982,2015,March,,7.60,14.50,1.50,,,,,,,,,,,,,,,,,,,,,,,,,,,,,,,,,,,,,,,,,,,,,,,,,,,,,,,,,
Lanka Credit & Business Finance PLC,LCBF,2008,2021,March,0.15,0.00,0.00,0.00,0.06,,,,,,,,,,,,,,,,,,,,,,,,,,,,,,,,,,,,,,,,,,,,,,,,,,,,,,,,
Lanka Orix Finance Company Limited,LOFC,2001,2011,March,,0.00,0.00,0.00,0.00,0.00,0.00,0.00,0.00,0.00,0.00,0.00,0.00,0.00,,,,,,,,,,,,,,,,,,,,,,,,,,,,,,,,,,,,,,,,,,,,,,,
Lanka Orix Leasing Company PLC,LOLC,1980,1982,March,,0.00,0.00,0.00,0.00,0.00,0.00,0.00,0.00,0.00,0.00,0.00,0.00,0.00,0.50,0.00,0.00,2.80,2.25,1.50,3.00,2.30,1.95,3.25,3.25,3.00,2.25,,,,,,,,,,,,,,,,,,,,,,,,,,,,,,,,,,
Lanka Ventures PLC ,LVEN,1992,1995,March,,0.00,0.00,0.00,0.00,1.50,1.50,2.75,2.75,2.50,2.00,1.75,1.50,1.00,1.50,1.50,1.50,0.00,1.50,1.50,1.50,1.50,2.75,1.00,1.00,0.75,0.50,0.00,,,,,,,,,,,,,,,,,,,,,,,,,,,,,,,,,
LB Finance PLC,LFIN,1971,1998,March,,6.50,5.75,5.00,5.00,4.00,12.00,12.00,11.00,9.00,7.50,10.00,6.50,6.50,5.00,3.50,5.00,3.00,2.25,0.00,1.00,0.00,0.00,0.00,0.00,0.00,0.00,,,,,,,,,,,,,,,,,,,,,,,,,,,,,,,,,,
Mercantile Investments & Finance PLC,MERC,1964,2011,March,,41.60,20.00,0.00,115.00,0.00,0.00,20.00,15.00,0.00,7.00,19.50,20.00,27.50,22.00,10.00,4.60,3.25,4.80,20.00,10.00,14.00,5.00,6.25,12.50,,,,,,,,,,,,,,,,,,,,,,,,,,,,,,,,,,,,
Merchant Bank of Sri Lanka ,MBSL,1982,1991,December,,,0.00,0.00,0.00,0.00,0.00,0.00,0.00,0.00,0.00,0.00,0.00,0.50,0.50,1.25,1.25,0.75,1.00,1.00,1.00,0.75,0.50,,,,,,,,,,,,,,,,,,,,,,,,,,,,,,,,,,,,,,
Multi Finance PLC ,MFL,1974,2011,March,,,0.00,0.00,0.00,0.00,0.00,0.00,0.00,0.00,0.00,0.00,0.00,0.00,0.00,0.10,,,,,,,,,,,,,,,,,,,,,,,,,,,,,,,,,,,,,,,,,,,,,
Orient Finance PLC,ORIN,2003,2012,March,,,0.00,0.00,0.00,0.00,0.00,0.00,0.00,0.00,0.00,0.00,0.10,0.20,0.15,,,,,,,,,,,,,,,,,,,,,,,,,,,,,,,,,,,,,,,,,,,,,,
Orient Finance PLC,BFN,1981,2011,March,,,0.00,0.00,0.00,0.00,0.00,0.00,0.00,0.25,,,,,,,,,,,,,,,,,,,,,,,,,,,,,,,,,,,,,,,,,,,,,,,,,,,
Nation Lanka Finance PLC,CSF,1988,1994,March,,,0.00,0.00,0.00,0.00,0.00,0.00,0.00,0.00,0.00,0.00,0.00,0.00,0.00,0.00,0.00,0.00,0.00,1.00,0.85,0.75,0.60,0.00,0.00,0.50,0.00,,,,,,,,,,,,,,,,,,,,,,,,,,,,,,,,,,
People's Finance PLC ,SMLL,2000,2005,March,,,0.00,0.00,0.00,0.00,0.00,0.00,0.00,0.00,0.00,0.00,0.00,4.75,1.25,0.50,0.00,0.00,0.00,1.00,0.50,0.00,1.00,,,,,,,,,,,,,,,,,,,,,,,,,,,,,,,,,,,,,,
People's Leasing & Finance PLC,PLC,1995,2011,March,0.70,1.40,1.40,0.00,1.00,1.35,0.70,1.25,1.25,1.25,1.25,1.25,1.25,1.25,1.00,1.50,1.50,1.50,1.50,1.50,1.50,1.50,1.36,,,,,,,,,,,,,,,,,,,,,,,,,,,,,,,,,,,,,,
People's Merchant Bank PLC,PMB,1983,1994,March,,,0.00,0.00,0.00,0.00,0.00,0.00,0.00,0.00,0.00,0.00,0.00,0.00,0.00,0.00,0.00,0.40,0.40,1.25,2.00,2.00,1.50,0.60,0.40,0.32,0.40,0.80,,,,,,,,,,,,,,,,,,,,,,,,,,,,,,,,,
Sarvodaya Development Finance PLC,SDF,2010,2021,March,,1.25,0.65,0.75,1.00,,,,,,,,,,,,,,,,,,,,,,,,,,,,,,,,,,,,,,,,,,,,,,,,,,,,,,,,
Senkadagala Finance PLC ,SFCL,1968,2011,March,,2.80,1.80,0.65,1.40,1.16,0.00,2.15,3.40,3.05,2.60,2.15,2.59,3.24,2.38,0.81,0.68,1.51,3.27,3.86,1.23,3.70,2.00,2.50,2.50,1.25,2.00,,,,,,,,,,,,,,,,,,,,,,,,,,,,,,,,,,
Singer Finance (Lanka) PLC,SFIN,2004,2011,March,,0.00,0.00,0.80,0.80,0.80,0.00,1.10,0.97,1.06,1.50,1.25,0.65,0.65,0.80,0.40,0.25,0.25,0.38,0.19,,,,,,,,,,,,,,,,,,,,,,,,,,,,,,,,,,,,,,,,,
Sinhaputhra Finance PLC ,SFL,1978,2010,March,,0.00,0.00,0.00,0.00,0.00,0.00,0.00,0.00,0.00,0.00,0.00,0.00,0.00,2.00,0.75,0.40,0.50,0.00,2.62,2.03,2.50,2.00,1.50,0.50,1.00,,,,,,,,,,,,,,,,,,,,,,,,,,,,,,,,,,,
SMB Leasing PLC,SEMB,1992,1993,December,,0.00,0.00,0.00,0.00,0.00,0.00,0.00,0.00,0.02,0.00,0.02,0.00,0.00,0.00,0.00,0.00,0.00,0.00,0.00,0.20,0.25,,,,,,,,,,,,,,,,,,,,,,,,,,,,,,,,,,,,,,,
Softlogic Finance Company PLC ,CRL,1999,2009,March,,0.00,0.00,0.00,0.00,0.00,0.00,0.00,0.00,1.65,1.25,1.50,1.75,1.50,1.50,1.00,1.00,0.00,,,,,,,,,,,,,,,,,,,,,,,,,,,,,,,,,,,,,,,,,,,
Softologic Capital PLC,SCAP,2005,2011,March,,0.00,0.00,0.00,0.00,0.00,0.00,0.00,0.40,0.50,0.00,0.00,0.00,0.00,,,,,,,,,,,,,,,,,,,,,,,,,,,,,,,,,,,,,,,,,,,,,,,
Swarnamahal Financial Services,SFS,2004,2011,March,,0.00,0.00,0.00,0.00,0.00,0.00,0.00,0.00,0.00,0.00,0.00,0.00,0.00,0.00,,,,,,,,,,,,,,,,,,,,,,,,,,,,,,,,,,,,,,,,,,,,,,
The Finance Company PLC,TFC,1940,1994,March,,0.00,0.00,0.00,0.00,0.00,0.00,0.00,0.00,0.00,0.00,0.00,0.00,0.00,0.00,0.00,0.00,0.00,1.80,1.80,1.80,1.70,,,,,,,,,,,,,,,,,,,,,,,,,,,,,,,,,,,,,,,
Trade Finance & Investments PLC,TFIL,1978,2011,March,,0.00,0.00,0.00,0.00,0.00,0.00,0.00,3.00,2.00,4.00,0.00,1.00,0.91,1.30,,,,,,,,,,,,,,,,,,,,,,,,,,,,,,,,,,,,,,,,,,,,,,
Vallibel Finance PLC ,VFIN,1974,2010,March,,2.75,2.00,1.00,2.00,6.00,0.00,4.00,3.50,3.00,2.50,2.00,1.00,1.50,1.00,0.50,1.00,0.50,,,,,,,,,,,,,,,,,,,,,,,,,,,,,,,,,,,,,,,,,,,
Insurance,,,,,,,,,,,,,,,,,,,,,,,,,,,,,,,,,,,,,,,,,,,,,,,,,,,,,,,,,,,,,,,,,
Arphico Finance Company PLC,AINS,2011,2015,December,,0.00,0.00,0.00,0.00,0.00,0.00,0.00,0.00,0.40,,,,,,,,,,,,,,,,,,,,,,,,,,,,,,,,,,,,,,,,,,,,,,,,,,,
Softlogic Life Insurance PLC,AAIC,1999,2000,March,,5.00,4.50,3.75,3.50,2.80,2.50,0.00,1.45,0.00,2.6933,5.00,5.00,4.80,0.00,2.00,3.00,1.30,1.25,0.50,0.00,,,,,,,,,,,,,,,,,,,,,,,,,,,,,,,,,,,,,,,,
AIA Insurance Lanka PLC,CTCE,1986,1988,December,,0.00,0.00,0.00,0.00,0.00,0.00,0.00,25.00,91.00,50.00,49.50,7.07,2.00,2.50,9.00,9.00,12.50,3.00,9.50,8.25,4.17,5.34,7.83,4.00,3.00,2.00,5.00,,,,,,,,,,,,,,,,,,,,,,,,,,,,,,,,,
Ceylinco Insurance PLC,CINS,1987,1988,December,,,51.00,48.00,45.00,42.00,40.00,38.00,35.00,31.50,27.50,22.50,20.00,16.00,12.50,6.50,5.50,5.00,3.00,3.00,2.50,2.70,2.00,2.00,2.00,2.00,2.00,2.00,,,,,,,,,,,,,,,,,,,,,,,,,,,,,,,,,
Co-operative Insurance Company PLC,COOP,1997,2021,December,,0.15,0.00,0.00,0.00,0.135,,,,,,,,,,,,,,,,,,,,,,,,,,,,,,,,,,,,,,,,,,,,,,,,,,,,,,,
HNB Assurance PLC,HASU,2001,2003,December,,,3.90,3.90,3.65,3.20,2.80,8.00,7.00,6.00,5.00,2.00,3.75,3.25,2.75,2.10,1.80,1.50,1.25,1.00,1.00,0.50,,,,,,,,,,,,,,,,,,,,,,,,,,,,,,,,,,,,,,,
Janashakthi Insurance Company PLC,JINS,1992,2008,December,,5.00,0.00,13.24,2.65,2.30,2.00,0.00,0.00,0.00,1.00,0.75,1.00,2.00,1.00,1.00,1.00,2.00,0.50,,,,,,,,,,,,,,,,,,,,,,,,,,,,,,,,,,,,,,,,,,
People's Insurance PLC,PINS,2009,2016,December,,0.00,0.00,0.00,1.00,1.50,3.00,1.85,1.85,2.00,1.75,0.60,0.00,0.00,0.00,0.00,0.00,0.00,,,,,,,,,,,,,,,,,,,,,,,,,,,,,,,,,,,,,,,,,,,
Union Assurance PLC,UAL,1987,1988,December,,,5.00,8.75,0.00,22.00,14.00,20.00,20.00,18.00,10.50,8.50,6.50,6.00,5.00,5.00,6.25,5.00,3.25,2.75,2.00,5.00,0.00,2.00,1.50,2.80,2.40,2.00,,,,,,,,,,,,,,,,,,,,,,,,,,,,,,,,,
"Beverage,Food & Tobacco",,,,,,,,,,,,,,,,,,,,,,,,,,,,,,,,,,,,,,,,,,,,,,,,,,,,,,,,,,,,,,,,,
Bairaha Farms PLC ,BFL,1975,1994,March,,2.50,5.80,4.00,9.00,3.00,0.00,8.00,6.00,7.50,6.00,2.50,1.25,1.50,4.00,4.00,1.50,0.00,0.00,0.00,0.00,0.00,1.00,,,,,,,,,,,,,,,,,,,,,,,,,,,,,,,,,,,,,,
Cargills (Ceylon) PLC,CARG,1946,1946,March,,16.50,15.00,12.00,7.00,6.00,5.10,6.00,6.00,5.60,3.50,2.00,2.00,2.00,2.00,1.50,1.10,0.50,15.50,12.00,10.60,6.00,3.00,0.00,6.00,5.00,,,,,,,,,,,,,,,,,,,,,,,,,,,,,,,,,,,
Ceylon Beverage Holdings  PLC,BREW,1910,1970,March,23.85,50.35,81.24,52.75,31.23,13.70,10.00,7.00,7.00,1.00,3.00,8.00,7.00,7.00,6.00,4.00,3.00,3.00,3.00,4.00,3.00,4.00,1.00,4.00,0.00,,,,,,,,,,,,,,,,,,,,,,,,,,,,,,,,,,,,
Ceylon Cold Stores PLC,CCS,1866,1970,March,0.997,5.395,2.316,1.30,1.13,21.00,12.00,15.00,15.00,32.00,18.00,11.00,4.00,4.00,4.00,4.00,4.00,1.00,3.20,2.40,0.80,0.00,2.40,1.60,2.72,5.66,5.02,,,,,,,,,,,,,,,,,,,,,,,,,,,,,,,,,,
Dilmah Ceylon Tea Company PLC,CTEA,1981,1982,March,,20.00,18.00,50.00,55.00,18.00,25.00,35.00,45.00,15.00,30.00,22.50,22.50,40.00,30.00,35.00,30.00,25.00,22.50,15.00,15.00,15.00,10.00,,,,,,,,,,,,,,,,,,,,,,,,,,,,,,,,,,,,,,
Ceylon Tobacco Company PLC ,CTC,1932,1955,December,,77.00,168.24,147.64,109.30,53.00,82.85,92.13,90.77,67.80,66.80,45.15,39.50,48.75,43.15,34.60,27.17,21.90,14.68,9.60,7.40,6.40,5.60,,,,,,,,,,,,,,,,,,,,,,,,,,,,,,,,,,,,,,
Renuka Foods PLC,COCO,1990,1994,March,,0.00,0.00,0.41,0.41,0.00,0.35,0.00,0.00,0.35,0.35,0.35,0.30,0.30,1.00,1.00,1.00,0.00,0.00,0.00,0.00,0.00,,,,,,,,,,,,,,,,,,,,,,,,,,,,,,,,,,,,,,,
Convenience Foods (Lanka) PLC,SOY,1991,1992,March,,6.70,4.70,4.70,3.50,10.00,5.50,4.50,5.00,4.00,4.00,5.50,3.00,1.50,1.00,2.50,2.25,2.25,1.30,1.30,,,,,,,,,,,,,,,,,,,,,,,,,,,,,,,,,,,,,,,,,
Distilleries Company of Sri Lanka PLC,DIST,1989,1992,March,,3.00,2.83,3.95,1.56,1.12,1.20,0.80,0.67,1.75,3.35,3.25,3.25,3.00,3.00,3.00,2.50,2.25,1.75,,,,,,,,,,,,,,,,,,,,,,,,,,,,,,,,,,,,,,,,,,
Harischandra Mills PLC ,HARI,1953,1983,March,,80.00,80.00,40.00,55.00,50.00,50.00,50.00,45.00,42.00,85.00,80.00,65.00,45.00,40.00,30.00,28.00,25.00,22.00,15.00,20.00,10.00,6.00,5.50,5.50,5.50,4.00,,,,,,,,,,,,,,,,,,,,,,,,,,,,,,,,,,
HVA Foods Limited,HVA,1997,2011,March,,0.00,0.00,0.00,0.00,0.00,0.00,0.00,0.00,0.00,0.00,0.00,0.00,0.20,0.00,0.00,0.00,0.00,0.00,0.00,,,,,,,,,,,,,,,,,,,,,,,,,,,,,,,,,,,,,,,,,
Keells Foods Products PLC,KFP,1982,1983,March,0.37,3.60,0.00,2.00,7.50,9.50,4.00,6.00,7.00,11.75,12.00,10.00,2.00,2.00,2.00,0.00,2.50,3.50,2.50,0.00,2.00,0.00,0.00,0.00,0.00,2.50,2.00,,,,,,,,,,,,,,,,,,,,,,,,,,,,,,,,,,
Kotmale Holdings PLC,LAMB,1967,1969,March,,0.00,0.00,0.00,0.00,0.00,0.00,0.00,16.00,13.10,0.20,0.00,0.00,0.00,0.00,0.00,4.00,0.00,0.00,0.00,,,,,,,,,,,,,,,,,,,,,,,,,,,,,,,,,,,,,,,,,
Lanka Milk Foods (CWE) PLC,LMF,1981,1983,March,,0.63,0.63,5.00,7.50,5.00,2.50,1.25,2.50,2.50,1.25,1.25,0.00,1.50,1.00,0.00,1.50,0.00,1.20,1.00,1.00,0.00,0.60,1.50,1.00,1.25,,,,,,,,,,,,,,,,,,,,,,,,,,,,,,,,,,,
Mahaweli Coconut Plantations PLC,MCPL,1996,2019,March,,3.00,2.00,1.50,2.50,2.25,1.50,1.50,,,,,,,,,,,,,,,,,,,,,,,,,,,,,,,,,,,,,,,,,,,,,,,,,,,,,
Nestle Lanka PLC,NEST,1980,1983,December,,,0.00,0.00,120.00,55.00,55.00,47.50,50.00,50.00,80.00,64.50,68.50,60.00,54.00,47.50,34.50,30.00,30.00,25.00,25.00,22.00,8.50,8.90,3.25,1.80,8.50,9.20,7.50,5.50,,,,,,,,,,,,,,,,,,,,,,,,,,,,,,,
Raigam Wayamba Salterns PLC ,RWSL,2005,2010,March,,0.25,0.15,0.20,0.15,0.10,0.10,0.05,0.10,0.15,0.10,0.00,0.10,0.00,0.00,0.12,1.77,,,,,,,,,,,,,,,,,,,,,,,,,,,,,,,,,,,,,,,,,,,,
Renuka Agri Foods PLC ,RAL,2000,2010,March,,,0.00,0.10,0.20,0.00,0.12,0.12,0.00,0.12,0.12,0.12,0.10,0.10,0.14,0.10,0.10,0.10,0.00,,,,,,,,,,,,,,,,,,,,,,,,,,,,,,,,,,,,,,,,,,
Tea Smallholder Factories PLC,TSML,1991,1996,March,,0.21,0.00,6.67,1.00,1.50,0.00,1.70,2.00,1.70,0.50,0.50,1.00,1.00,1.00,8.00,9.00,8.00,6.50,6.00,4.50,6.50,2.50,1.00,2.50,2.50,2.00,,,,,,,,,,,,,,,,,,,,,,,,,,,,,,,,,,
The Lion Brewery Ceyoln PLC ,LION,1996,1997,March,,46.00,43.50,41.90,20.93,14.40,8.00,10.00,4.00,0.00,3.00,4.00,4.00,4.00,4.00,4.00,3.00,0.00,0.00,3.00,3.00,3.00,3.00,0.00,1.50,,,,,,,,,,,,,,,,,,,,,,,,,,,,,,,,,,,,
Three Acre Farms PLC,TAFL,1963,1995,December,,,55.00,28.00,0.00,10.00,22.00,5.50,4.50,3.00,4.00,2.10,0.52,0.00,0.00,0.00,0.00,0.00,0.00,0.00,0.00,0.00,,,,,,,,,,,,,,,,,,,,,,,,,,,,,,,,,,,,,,,
Chemicals & Pharmaceuticals,,,,,,,,,,,,,,,,,,,,,,,,,,,,,,,,,,,,,,,,,,,,,,,,,,,,,,,,,,,,,,,,,
Chemanex PLC,CHMX,1974,1974,March,,7.50,2.50,2.50,2.00,1.00,2.00,2.00,2.00,3.00,2.00,1.00,1.00,1.00,1.50,2.00,2.50,10.00,1.67,1.33,1.17,1.17,3.00,2.60,2.50,2.50,2.40,,,,,,,,,,,,,,,,,,,,,,,,,,,,,,,,,,
CIC Holdings PLC,CIC,1964,1964,March,,2.50,2.50,2.50,2.00,1.00,2.00,1.00,1.00,2.00,4.00,3.00,0.00,1.63,3.20,2.75,1.85,1.50,1.50,1.44,4.75,4.75,4.75,4.25,4.00,4.00,3.75,3.50,2.50,4.00,4.00,4.00,4.00,3.50,4.00,3.25,3.00,2.50,2.75,2.50,2.50,2.00,2.00,2.00,2.00,2.00,2.00,2.00,2.00,2.00,2.00,2.00,2.00,2.00,2.00,1.75,2.00,2.00,2.00,2.00,2.00
Haycarb PLC ,HAYC,1973,1975,March,1.32,3.80,5.00,6.25,2.70,24.90,15.00,8.00,6.00,6.00,6.00,6.00,6.00,7.00,5.50,5.00,5.00,2.75,2.50,1.00,0.00,1.50,1.50,3.00,3.00,4.00,3.00,,,,,,,,,,,,,,,,,,,,,,,,,,,,,,,,,,
Industrial Asphalts (Ceylon) PLC ,ASPH,1964,1978,March,,0.00,0.00,0.00,0.00,0.00,0.00,4.50,4.50,0.00,0.00,4.50,3.00,2.00,3.00,3.00,2.50,4.00,4.00,4.00,,,,,,,,,,,,,,,,,,,,,,,,,,,,,,,,,,,,,,,,,
"J.L. Morison,Son & Jones (Ceylon) PLC ",MORI,1939,1964,March,,0.00,0.00,0.00,0.00,0.00,0.00,0.00,15.00,15.00,10.00,4.00,3.00,2.00,3.50,40.00,16.50,11.00,10.40,8.00,6.00,10.00,8.00,,,,,,,,,,,,,,,,,,,,,,,,,,,,,,,,,,,,,,
Lankem Ceylon PLC ,LCEY,1964,1970,March,,0.00,0.00,10.00,0.00,0.00,0.00,0.00,0.00,0.00,0.00,0.00,0.00,1.50,2.50,2.50,2.25,2.00,1.80,1.50,1.50,1.50,1.50,1.00,,,,,,,,,,,,,,,,,,,,,,,,,,,,,,,,,,,,,
Laxapana PLC,LITE,1956,1982,March,,1.50,1.50,2.00,0.75,1.00,1.00,0.25,0.77,0.77,0.55,0.25,0.15,,,,,,,,,,,,,,,,,,,,,,,,,,,,,,,,,,,,,,,,,,,,,,,,
Muller and Phipps (Ceylon) PLC,MULL,1964,1965,March,,0.00,0.00,0.00,0.00,0.00,0.00,0.00,0.05,0.07,0.07,0.07,0.05,0.00,0.00,0.00,0.00,0.00,,,,,,,,,,,,,,,,,,,,,,,,,,,,,,,,,,,,,,,,,,,
PC Pharma PLC,PCP,2008,2012,March,,0.00,0.00,0.00,0.00,0.00,0.00,0.00,0.00,0.00,0.00,0.00,0.00,0.00,,,,,,,,,,,,,,,,,,,,,,,,,,,,,,,,,,,,,,,,,,,,,,,
Standard Capital PLC,SING,1982,1983,March,,0.00,0.00,0.00,0.00,0.00,0.00,0.00,0.00,0.00,0.00,1.00,0.00,0.00,0.00,0.00,0.00,0.00,0.00,0.00,0.00,0.00,0.00,0.00,0.00,,,,,,,,,,,,,,,,,,,,,,,,,,,,,,,,,,,,
Union Chemicals Lanka PLC,UCAR,1988,1988,December,,38.00,63.00,45.00,32.00,25.00,29.00,21.00,13.00,13.00,19.00,17.00,14.00,11.00,11.00,11.00,11.00,10.00,8.50,7.50,7.50,7.50,7.50,7.50,7.50,5.00,3.50,6.00,,,,,,,,,,,,,,,,,,,,,,,,,,,,,,,,,
Commercial & Professional Services,,,,,,,,,,,,,,,,,,,,,,,,,,,,,,,,,,,,,,,,,,,,,,,,,,,,,,,,,,,,,,,,,
Exterminators PLC,EXT,2004,2022,March,,,0.00,0.60,0.07,,,,,,,,,,,,,,,,,,,,,,,,,,,,,,,,,,,,,,,,,,,,,,,,,,,,,,,,
Construction Engineering,,,,,,,,,,,,,,,,,,,,,,,,,,,,,,,,,,,,,,,,,,,,,,,,,,,,,,,,,,,,,,,,,
Access Engineering Ltd,AEL,2001,2012,March,,2.00,1.50,0.00,1.00,1.00,0.25,0.75,1.00,1.20,1.00,0.75,0.75,0.50,0.25,,,,,,,,,,,,,,,,,,,,,,,,,,,,,,,,,,,,,,,,,,,,,,
Colombo Dockyard PLC,DOCK,1982,1983,December,,,0.00,0.00,1.00,1.00,0.00,0.00,1.50,1.50,0.00,0.00,3.00,4.00,8.00,6.00,8.00,8.00,7.00,3.00,3.00,0.80,1.50,1.50,1.50,1.50,1.50,1.50,,,,,,,,,,,,,,,,,,,,,,,,,,,,,,,,,
Lankem Developments PLC,LDEV,1974,1975,March,,1.00,0.00,0.00,0.00,0.00,0.00,0.00,0.00,0.00,0.00,0.00,0.00,0.00,0.00,0.00,0.00,0.00,0.00,0.00,1.00,0.75,0.00,0.00,,,,,,,,,,,,,,,,,,,,,,,,,,,,,,,,,,,,,
Luminex PLC,LUMX,1986,2022,March,,,0.25,0.25,0.40,,,,,,,,,,,,,,,,,,,,,,,,,,,,,,,,,,,,,,,,,,,,,,,,,,,,,,,,
MTD Walkers PLC,KAPI,1981,1983,March,,,0.00,0.00,0.00,0.00,0.00,0.00,0.00,0.00,0.00,0.50,,,,,,,,,,,,,,,,,,,,,,,,,,,,,,,,,,,,,,,,,,,,,,,,,
Diversified,,,,,,,,,,,,,,,,,,,,,,,,,,,,,,,,,,,,,,,,,,,,,,,,,,,,,,,,,,,,,,,,,
Adam Capital PLC,PCHH,2008,2012,March,,,0.00,0.00,0.00,0.00,0.00,0.00,0.00,0.00,0.10,0.00,0.00,0.00,0.00,,,,,,,,,,,,,,,,,,,,,,,,,,,,,,,,,,,,,,,,,,,,,,
Adam Investment PLC,AINV,2011,2014,March,,,0.00,0.00,0.00,0.00,0.00,0.00,0.00,0.00,0.10,0.00,0.00,0.00,0.00,,,,,,,,,,,,,,,,,,,,,,,,,,,,,,,,,,,,,,,,,,,,,,
Aitken Spence PLC ,SPEN,1952,1983,March,,4.00,4.25,4.00,4.00,1.00,1.25,2.50,2.00,1.75,1.50,2.00,2.00,1.50,1.40,1.00*,10.00,9.50,7.00,6.50,6.50,6.00,6.00,4.50,4.00,4.00,3.50,,,,,,,,,,,,,,,,,,,,,,,,,,,,,,,,,,
Ambeon Capital PLC,TAP,2006,2012,March,,,0.00,0.00,0.00,0.00,0.00,0.36,0.00,0.00,0.00,0.00,0.00,0.20,,,,,,,,,,,,,,,,,,,,,,,,,,,,,,,,,,,,,,,,,,,,,,,
Browns Investments PLC ,BIL,2008,2011,March,,,0.00,0.00,0.00,0.00,0.00,0.00,0.00,0.00,0.00,0.00,0.00,0.00,0.10,,,,,,,,,,,,,,,,,,,,,,,,,,,,,,,,,,,,,,,,,,,,,,
Carsons Cumberbatch PLC,CARS,1913,1967,March,,10.23,6.80,1.50,1.50,0.75,0.75,1.00,2.00,0.00,1.50,3.00,2.00,2.00,2.00,2.00,2.00,1.50,3.00,2.50,2.50,10.00,5.00,5.00,5.00,5.00,10.00,7.50,7.50,7.50,,,,,,,,,,,,,,,,,,,,,,,,,,,,,,,
C T Holdings PLC ,CTHR,1928,1928,March,,14.00,12.00,8.45,4.55,4.35,4.60,5.50,5.50,5.20,3.80,3.40,8.30,2.30,2.05,1.50,0.70,0.15,8.00,10.00,10.00,10.00,,,,,,,,,,,,,,,,,,,,,,,,,,,,,,,,,,,,,,,
Dunamis Capital PLC,CSEC,1985,1986,March,,,0.00,0.00,0.00,0.00,0.00,0.00,0.00,0.00,0.00,3.00,1.00,0.00,0.00,0.00,0.00,0.00,0.00,,,,,,,,,,,,,,,,,,,,,,,,,,,,,,,,,,,,,,,,,,
Ambeon Holdings PLC,GREG,1910,1970,March,,,1.70,0.00,3.00,0.00,0.00,0.00,1.25,0.00,0.00,0.00,0.00,0.00,0.00,0.00,0.00,0.00,,,,,,,,,,,,,,,,,,,,,,,,,,,,,,,,,,,,,,,,,,,
Expolanka Holdings PLC ,EXPO,2003,2011,March,,,3.48,8.19,1.17,0.50,0.00,0.15,0.15,0.15,0.12,0.00,0.33,0.12,0.12,,,,,,,,,,,,,,,,,,,,,,,,,,,,,,,,,,,,,,,,,,,,,,
Finlays Colombo PLC,JFIN,1974,1992,December,,,0.00,0.00,0.00,0.00,0.00,0.00,0.00,0.00,0.00,3.00,3.00,2.50,5.00,3.50,4.50,4.50,3.50,3.00,10.30,3.00,2.00,0.50,0.50,0.75,1.00,1.00,,,,,,,,,,,,,,,,,,,,,,,,,,,,,,,,,
F L C Holdings PLC,FLCH,2008,2011,March,,,0.00,0.00,0.00,0.00,0.00,0.00,0.40,0.05,0.00,0.00,0.05,0.15,0.05,,,,,,,,,,,,,,,,,,,,,,,,,,,,,,,,,,,,,,,,,,,,,,
Hayleys PLC ,HAYL,1952,1953,March,,6.00,5.35,5.35,4.00,4.00,0.00,5.00,5.00,7.50,6.50,6.00,5.00,4.50,4.00,4.00,4.00,3.00,3.00,3.50,3.50,3.50,3.50,3.50,3.50,35.00,3.00,3.00,,,,,,,,,,,,,,,,,,,,,,,,,,,,,,,,,
Hemas Holdings PLC,HHL,1948,2003,March,,1.70,3.40,2.35,4.85,1.85,0.00,3.48,1.85,1.85,1.40,1.10,1.00,0.75,0.50,0.70,1.80,1.25,1.25,2.50,,,,,,,,,,,,,,,,,,,,,,,,,,,,,,,,,,,,,,,,,
John Keells Holdings PLC  ,JKH,1979,1986,March,,0.15,1.50,2.00,1.50,2.00,2.50,6.45,6.00,6.00,7.00,3.50,3.50,3.50,3.50,3.00,3.00,3.00,5.00,3.00,3.00,3.00,2.50,2.00,2.00,3.00,3.00,4.00,4.00,3.00,2.80,3.50,2.50,2.50,3.00,,,,,,,,,,,,,,,,,,,,,,,,,,
Melstacorp PLC,MELS,1998,2016,March,,7.32,8.27,6.76,5.40,5.25,2.00,0.00,2.44,1.00,0.00,0.00,0.00,0.00,,,,,,,,,,,,,,,,,,,,,,,,,,,,,,,,,,,,,,,,,,,,,,,
Richard Pieris & Company PLC ,RICH,1940,1951,March,,1.30,0.50,0.70,0.60,1.00,0.00,0.60,0.60,1.10,0.50,0.25,0.45,0.20,0.70,0.30,1.00,0.00,0.00,0.50,1.50,3.50,3.00,2.00,2.50,3.00,,,,,,,,,,,,,,,,,,,,,,,,,,,,,,,,,,,
Softlogic Holdings PLC,SHL,1998,2011,March,,,0.00,0.00,0.00,0.00,0.00,0.50,0.50,0.65,0.50,0.00,0.155,0.30,0.13,,,,,,,,,,,,,,,,,,,,,,,,,,,,,,,,,,,,,,,,,,,,,,
Sunshine Holdings PLC,SUN,1973,1983,March,,2.10,3.00,1.15,1.00,1.00,0.75,1.25,1.50,1.75,1.05,0.95,0.95,0.50,0.30,0.30,0.30,2.50,2.50,1.50,1.50,2.50,2.50,1.80,,,,,,,,,,,,,,,,,,,,,,,,,,,,,,,,,,,,,
The Colombo Fort Land & Building PLC,CFLB,1895,1970,March,,0.25,0.00,0.25,0.00,0.00,0.00,0.00,0.15,0.15,0.30,0.30,0.30,0.30,0.30,0.20,0.50,0.50,0.00,,,,,,,,,,,,,,,,,,,,,,,,,,,,,,,,,,,,,,,,,,
Vallibel One PLC,VONE,2010,2011,December,3.00,3.00,1.00,0.00,1.50,3.50,0.00,0.00,0.50,0.50,0.50,0.40,0.70,0.00,0.30,0.00,,,,,,,,,,,,,,,,,,,,,,,,,,,,,,,,,,,,,,,,,,,,,
Footwear & Textile,,,,,,,,,,,,,,,,,,,,,,,,,,,,,,,,,,,,,,,,,,,,,,,,,,,,,,,,,,,,,,,,,
Ceylon Leather Products PLC,CLPL,1990,2003,March,,,0.00,0.00,0.00,0.00,0.00,0.00,7.40,0.00,0.00,0.00,1.00,1.00,0.00,0.00,0.00,0.00,0.00,0.00,0.00,0.00,0.65,0.00,0.00,0.00,0.00,,,,,,,,,,,,,,,,,,,,,,,,,,,,,,,,,,
Hayleys Fabric PLC,MGT,1993,2003,March,0.49,1.85,2.50,1.60,2.10,1.05,0.60,0.00,0.00,0.00,0.00,0.00,0.00,0.00,0.00,0.00,2.50,2.00,6.40,4.60,4.00,4.50,5.00,3.50,2.50,,,,,,,,,,,,,,,,,,,,,,,,,,,,,,,,,,,,
Kuruwita Textile Mills PLC,KURU,1981,1992,March,,,0.00,0.00,0.00,0.00,0.00,0.00,0.00,0.00,0.00,0.00,0.00,0.00,0.00,1.00,1.00,1.00,2.00,1.00,0.00,0.00,,,,,,,,,,,,,,,,,,,,,,,,,,,,,,,,,,,,,,,
Odel PLC,ODEL,1990,2010,March,,,0.00,0.00,0.00,0.00,0.00,0.00,0.26,0.40,0.41,0.12,0.24,0.35,0.50,0.50,,,,,,,,,,,,,,,,,,,,,,,,,,,,,,,,,,,,,,,,,,,,,
Health Care,,,,,,,,,,,,,,,,,,,,,,,,,,,,,,,,,,,,,,,,,,,,,,,,,,,,,,,,,,,,,,,,,
Asiri Central Hospitals PLC,ASHA,1992,2002,March,,,0.00,0.00,0.00,0.00,0.00,0.00,0.00,0.00,0.00,0.00,0.00,0.00,0.00,0.00,0.00,0.00,0.00,0.03,4.00,2.00,,,,,,,,,,,,,,,,,,,,,,,,,,,,,,,,,,,,,,,
Asiri Hospital Holdings PLC ,ASIR,1980,1986,March,,0.30,0.00,0.00,2.50,1.60,0.00,0.80,0.60,0.50,0.45,0.50,0.55,0.50,0.255,0.10,0.75,1.50,1.00,1.50,1.17,,,,,,,,,,,,,,,,,,,,,,,,,,,,,,,,,,,,,,,,
Asiri Surgical Hospital PLC ,AMSL,2000,2004,March,,1.50,0.00,0.00,2.10,0.85,0.00,0.50,0.85,0.35,0.40,0.40,1.56,1.00,0.255,0.10,0.07,0.15,0.125,0.25,0.175,,,,,,,,,,,,,,,,,,,,,,,,,,,,,,,,,,,,,,,,
Ceylon Hospitals PLC,CHL,2000,2003,March,,4.00,2.00,2.30,5.00,3.20,2.20,4.46,2.74,3.60,3.60,2.70,2.00,2.00,2.00,1.50,1.50,1.50,1.50,1.50,1.50,1.50,,,,,,,,,,,,,,,,,,,,,,,,,,,,,,,,,,,,,,,
Nawaloka Hospitals PLC,NHL,1980,1986,March,,,0.00,0.00,0.00,0.00,0.00,0.05,0.10,0.08,0.07,0.06,0.05,0.05,0.00,0.05,0.05,0.00,0.07,0.00,0.05,,,,,,,,,,,,,,,,,,,,,,,,,,,,,,,,,,,,,,,,
The Lanka Hospital Corporation PLC,LHCL,1997,2003,December,,,1.50,1.50,3.50,2.00,0.75,0.75,2.00,1.00,2.00,2.00,1.00,1.50,0.50,0.50,0.00,0.00,0.00,,,,,,,,,,,,,,,,,,,,,,,,,,,,,,,,,,,,,,,,,,
Hotels,,,,,,,,,,,,,,,,,,,,,,,,,,,,,,,,,,,,,,,,,,,,,,,,,,,,,,,,,,,,,,,,,
Aitken Spence Hotel Holdings ,AHUN,1978,1980,March,,,0.00,0.00,0.00,0.00,0.00,1.00,1.25,0.75,1.25,1.50,1.50,1.00,0.70,0.50,1.50,0.50,1.00,0.75,0.50,0.50,2.50,0.00,0.75,1.20,1.00,,,,,,,,,,,,,,,,,,,,,,,,,,,,,,,,,,
Amaya Leisure Plc ,CONN,1981,1996,March,,,0.00,0.00,0.00,0.00,0.00,5.50,0.00,2.00,4.00,4.50,4.50,4.00,4.00,6.00,0.00,0.00,0.00,,,,,,,,,,,,,,,,,,,,,,,,,,,,,,,,,,,,,,,,,,
Asian Hotels & Properties PLC,AHPL,1993,2004,March,,0.50,0.00,0.00,0.00,0.00,1.00,1.50,1.50,4.00,4.50,4.00,4.00,4.00,4.00,1.00,2.00,3.00,2.00,2.00,,,,,,,,,,,,,,,,,,,,,,,,,,,,,,,,,,,,,,,,,
Bansei Royal Resorts Hikkaduwa PLC,BRR,1976,2014,March,,0.30,0.30,0.20,0.00,0.00,0.05,0.30,0.10,0.10,0.10,0.00,0.00,,,,,,,,,,,,,,,,,,,,,,,,,,,,,,,,,,,,,,,,,,,,,,,,
Beruwala Resorts PLC,BERU,1974,2012,March,,0.10,0.00,0.00,0.00,0.00,0.00,0.00,0.05,0.00,0.00,0.00,0.00,0.00,0.00,,,,,,,,,,,,,,,,,,,,,,,,,,,,,,,,,,,,,,,,,,,,,,
Beruwela Walk Inn PLC,BINN,1973,1981,December,,,0.00,0.00,0.00,0.00,0.00,0.00,0.00,0.00,0.00,0.00,0.00,0.00,0.00,0.00,0.00,0.00,0.00,0.00,0.00,0.00,0.00,0.00,0.00,0.00,0.00,2.00,,,,,,,,,,,,,,,,,,,,,,,,,,,,,,,,,
Browns Beach Hotels PLC,BBH,1992,1993,March,,,0.00,0.00,0.00,0.00,0.00,0.00,0.00,0.00,0.00,0.00,0.00,0.00,0.00,0.00,0.00,0.00,0.00,,,,,,,,,,,,,,,,,,,,,,,,,,,,,,,,,,,,,,,,,,
Ceylon Hotels Corporation PLC,CHOT,1966,1967,December,,,0.00,0.00,0.00,0.00,0.00,0.00,0.00,0.00,1.00,0.00,0.00,0.00,0.00,0.00,0.00,0.00,0.00,,,,,,,,,,,,,,,,,,,,,,,,,,,,,,,,,,,,,,,,,,
Citrus Leisure PLC,REEF,1973,1984,March,,,0.00,0.00,0.00,0.00,0.00,0.00,0.00,0.00,0.00,0.00,0.00,0.00,0.00,0.00,0.00,0.00,0.00,,,,,,,,,,,,,,,,,,,,,,,,,,,,,,,,,,,,,,,,,,
Confifi Hotel Holdings PLC,PALM,1975,1993,March,,,0.00,0.00,0.00,0.00,0.00,0.00,0.00,0.00,0.00,0.00,0.00,0.00,0.00,0.00,0.00,1.00,0.87,,,,,,,,,,,,,,,,,,,,,,,,,,,,,,,,,,,,,,,,,,
Dolphin Hotels PLC,STAF,1981,1982,March,,,0.00,0.00,0.00,0.00,0.00,0.00,1.00,0.00,1.00,1.50,1.00,0.00,1.50,0.00,0.50,0.00,0.50,0.00,0.00,0.00,0.50,0.40,0.00,0.50,0.50,,,,,,,,,,,,,,,,,,,,,,,,,,,,,,,,,,
Eden Hotel Lanka PLC,EDEN,1992,1993,March,,,0.00,0.00,0.00,0.00,0.00,0.00,0.00,0.00,0.00,0.00,0.32,0.20,0.00,0.20,0.00,0.00,,,,,,,,,,,,,,,,,,,,,,,,,,,,,,,,,,,,,,,,,,,
Galadri Hotels (Lanka) PLC,GHLL,1980,1980,December,,,0.00,0.00,0.00,0.00,0.00,0.00,0.00,0.00,0.00,0.00,0.00,0.00,0.00,0.00,0.00,0.00,,,,,,,,,,,,,,,,,,,,,,,,,,,,,,,,,,,,,,,,,,,
Hikkaduwa Beach Resort PLC,CITH,2011,2012,March,,,0.00,0.00,0.00,0.00,0.00,0.00,0.00,0.09,0.10,0.12,0.12,0.05,,,,,,,,,,,,,,,,,,,,,,,,,,,,,,,,,,,,,,,,,,,,,,,
Hotel Developers PLC,HDEV,1983,1984,March,,,0.00,0.00,0.00,0.00,0.00,0.00,0.00,0.00,0.00,0.00,0.00,0.00,0.00,0.00,0.00,0.00,,,,,,,,,,,,,,,,,,,,,,,,,,,,,,,,,,,,,,,,,,,
The Kingsbury PLC,SERV,1969,1982,March,,,0.00,0.00,0.00,0.00,0.00,0.00,0.00,0.50,0.80,0.00,0.00,0.00,0.00,0.00,0.00,0.00,0.00,0.00,0.00,3.00,,,,,,,,,,,,,,,,,,,,,,,,,,,,,,,,,,,,,,,
Hotel Sigiriya PLC,HSIG,1974,1981,March,,,0.00,0.00,0.00,0.00,0.00,0.00,10.00,2.00,10.00,5.00,0.00,5.00,5.00,1.50,0.00,0.00,0.00,0.00,0.50,1.00,2.50,3.00,0.00,1.00,2.00,,,,,,,,,,,,,,,,,,,,,,,,,,,,,,,,,,
Hunas Falls Hotels PLC,HUNA,1989,1993,March,,,0.00,0.00,0.00,0.00,0.00,0.00,0.00,0.00,0.00,0.00,1.00,1.00,0.50,0.00,0.00,0.00,0.00,0.00,0.00,0.00,0.40,0.30,0.00,,,,,,,,,,,,,,,,,,,,,,,,,,,,,,,,,,,,
John Keells Hotels PLC,KHL,1979,2004,March,,0.10,0.00,0.00,0.00,0.00,0.00,0.15,0.40,0.40,0.40,0.25,0.00,0.00,0.30,0.00,0.00,0.00,0.00,0.00,0.00,1.50,,,,,,,,,,,,,,,,,,,,,,,,,,,,,,,,,,,,,,,
Kalpitiya Beach Resort Limited,CITK,2011,2012,March,,0.00,0.00,0.00,0.00,0.00,0.00,0.00,0.00,0.00,0.00,0.00,0.00,0.00,0.00,,,,,,,,,,,,,,,,,,,,,,,,,,,,,,,,,,,,,,,,,,,,,,
The Light House Hotel PLC ,LHL,1994,1997,March,,3.00,3.00,0.00,0.00,0.00,0.00,0.00,2.50,2.00,2.50,2.00,2.00,2.00,2.00,1.00,0.00,0.50,0.70,0.80,1.30,1.80,2.00,,,,,,,,,,,,,,,,,,,,,,,,,,,,,,,,,,,,,,
Mahaweli Reach Hotels PLC,MRH,1973,1982,March,,0.00,0.00,0.00,0.00,0.00,0.00,0.00,0.00,0.00,0.00,0.00,0.00,0.00,0.00,0.00,0.00,0.00,0.00,0.00,0.00,0.00,,,,,,,,,,,,,,,,,,,,,,,,,,,,,,,,,,,,,,,
Marawila Resorts PLC,MARA,1992,1997,March,,0.10,0.00,0.00,0.00,0.00,0.00,0.00,0.00,0.00,0.00,0.00,0.00,0.00,0.00,0.00,0.00,0.00,0.00,0.00,0.00,,,,,,,,,,,,,,,,,,,,,,,,,,,,,,,,,,,,,,,,
Miramar Beach Hotel PLC,MIRA,1980,1983,March,,0.00,0.00,0.00,0.00,0.00,0.00,0.00,0.00,0.00,0.00,0.00,0.00,0.00,0.00,0.00,0.00,0.00,0.00,0.00,0.00,0.00,0.00,,,,,,,,,,,,,,,,,,,,,,,,,,,,,,,,,,,,,,
Pegasus Hotels of Ceylon PLC,PEG,1970,1996,March,,0.00,0.00,0.00,0.00,0.00,0.00,0.55,0.55,0.50,0.50,0.50,0.50,0.50,0.50,0.30,0.00,0.00,0.00,0.00,0.00,0.00,0.00,0.00,0.00,,,,,,,,,,,,,,,,,,,,,,,,,,,,,,,,,,,,
Ramboda Falls Limited,RFL,1996,2012,December,1.00,0.50,0.00,0.00,0.00,0.00,0.00,1.00,0.50,0.50,0.50,0.50,0.00,0.50,0.00,,,,,,,,,,,,,,,,,,,,,,,,,,,,,,,,,,,,,,,,,,,,,,
Renuka City Hotels PLC ,RENU,1992,1992,March,,4.00,2.00,2.00,1.00,0.00,0.00,4.00,6.00,6.00,6.00,6.00,4.00,4.00,6.00,5.50,5.50,5.00,5.00,5.00,5.00,,,,,,,,,,,,,,,,,,,,,,,,,,,,,,,,,,,,,,,,
Renuka Hotels PLC,RCH,2008,2017,March,,1.00,0.75,0.50,0.50,0.00,0.00,0.00,1.00,,,,,,,,,,,,,,,,,,,,,,,,,,,,,,,,,,,,,,,,,,,,,,,,,,,,
Riverina Hotels PLC,BHR,1981,1983,March,,,0.00,0.00,0.00,0.00,0.00,0.00,0.00,0.00,0.00,0.00,0.00,0.00,0.00,0.00,0.00,0.00,0.00,0.00,0.00,0.50,3.00,1.00,0.00,0.00,2.50,0.00,10.00,2.50,1.00,3.00,2.60,2.60,0.00,0.00,0.00,,,,,,,,,,,,,,,,,,,,,,,,
Royal Palm Beach Hotels PLC,RPBH,1992,1998,March,,,0.00,0.00,0.00,0.00,0.00,1.00,1.00,0.80,0.80,0.50,0.80,0.80,0.80,0.60,0.40,0.20,,,,,,,,,,,,,,,,,,,,,,,,,,,,,,,,,,,,,,,,,,,
Serendib Hotels PLC,SHOT,1966,1973,March,,,0.00,0.00,0.00,0.00,0.00,0.00,0.00,0.00,1.00,1.00,0.00,0.00,0.00,0.00,0.00,0.00,0.00,0.00,0.00,1.00,0.75,0.50,0.00,0.75,0.75,,,,,,,,,,,,,,,,,,,,,,,,,,,,,,,,,,
Sigiriya Village Hotels PLC ,SIGV,1978,1980,March,,3.00,0.00,0.00,0.00,0.00,0.00,0.00,4.00,4.00,4.00,2.00,2.00,2.00,2.00,1.00,0.00,0.00,0.00,0.00,1.00,1.00,,,,,,,,,,,,,,,,,,,,,,,,,,,,,,,,,,,,,,,
Taj Lanka Hotels PLC,TAJ,1980,1982,March,,,0.00,0.00,0.00,0.00,0.00,0.00,0.00,0.00,0.00,0.00,0.00,0.00,0.00,0.00,0.00,0.00,,,,,,,,,,,,,,,,,,,,,,,,,,,,,,,,,,,,,,,,,,,
Tangarine Beach Hotels PLC,TANG,1980,1983,March,,,0.00,0.00,0.00,0.00,0.00,1.00,0.60,0.50,0.50,0.50,0.50,0.50,0.50,0.00,0.00,0.00,0.00,0.00,0.00,0.00,0.60,0.50,0.00,0.00,1.00,,,,,,,,,,,,,,,,,,,,,,,,,,,,,,,,,,
The Fortress Resorts PLC,RHTL,1967,1999,March,,,0.00,0.00,0.00,0.00,0.00,1.00,1.00,0.00,1.00,0.00,0.00,0.00,0.00,0.00,0.00,0.00,0.00,0.00,,,,,,,,,,,,,,,,,,,,,,,,,,,,,,,,,,,,,,,,,
The Kandy Hotels Company PLC,KHC,1927,1970,March,,,0.00,0.00,0.00,0.00,0.00,0.00,0.10,0.10,0.25,0.20,0.20,0.02,0.015,0.16,0.00,0.00,0.00,0.00,0.00,0.00,0.00,0.00,0.00,0.00,0.80,,,,,,,,,,,,,,,,,,,,,,,,,,,,,,,,,,
The Nuwara Eliya Hotels Company PLC,NEH,1892,1974,March,,,36.50,0.00,0.00,0.00,16.00,30.00,30.00,30.00,30.00,22.50,22.50,20.00,5.00,5.00,2.50,0.00,0.00,0.00,1.00,3.00,17.05,7.52,2.08,8.50,4.00,,,,,,,,,,,,,,,,,,,,,,,,,,,,,,,,,,
Trans Asia Hotels PLC,TRAN,1981,1983,March,,0.50,0.00,0.00,0.00,0.00,0.50,0.00,3.00,3.50,1.00,3.50,3.50,3.00,2.00,2.00,1.00,1.50,0.75,2.40,5.35,3.50,,,,,,,,,,,,,,,,,,,,,,,,,,,,,,,,,,,,,,,
Waskaduwa Beach Resort Limited,CITW,2011,2012,March,,,0.00,0.00,0.00,0.00,0.00,0.00,0.00,0.00,0.00,0.00,0.00,0.00,,,,,,,,,,,,,,,,,,,,,,,,,,,,,,,,,,,,,,,,,,,,,,,
Information Technology,,,,,,,,,,,,,,,,,,,,,,,,,,,,,,,,,,,,,,,,,,,,,,,,,,,,,,,,,,,,,,,,,
E-Channelling PLC,ECL,2002,2002,March,,,0.00,0.00,0.00,0.00,0.00,0.00,0.00,0.25,0.00,0.00,0.85,0.65,0.00,0.00,0.00,0.00,0.00,0.00,0.00,0.00,,,,,,,,,,,,,,,,,,,,,,,,,,,,,,,,,,,,,,,
PC House ,PCH,2000,2010,March,,,,,,0.00,0.00,0.00,0.00,0.00,0.00,0.00,0.00,0.00,0.00,0.25,0.20,,,,,,,,,,,,,,,,,,,,,,,,,,,,,,,,,,,,,,,,,,,,
Investment Trusts,,,,,,,,,,,,,,,,,,,,,,,,,,,,,,,,,,,,,,,,,,,,,,,,,,,,,,,,,,,,,,,,,
Ascot Holdings PLC,ASCO,1967,1969,March,,,0.00,0.00,0.00,0.00,0.00,0.00,0.00,0.00,0.00,0.00,0.00,0.00,0.00,0.00,0.00,0.00,0.00,2.00,0.00,0.00,0.00,0.00,0.00,0.00,0.00,0.00,,,,,,,,,,,,,,,,,,,,,,,,,,,,,,,,,
Ceylon Guardian Investment Trust PLC,GUAR,1951,1951,March,,6.86,0.00,2.20,2.00,1.60,1.15,0.75,3.00,4.00,3.00,3.00,5.00,2.50,2.00,1.50,9.00,11.50,1.75,1.50,1.50,1.50,1.50,2.00,1.00,,,,,,,,,,,,,,,,,,,,,,,,,,,,,,,,,,,,
Ceylon Investment PLC,CINV,1947,1949,March,,3.72,0.00,0.55,0.75,0.70,1.00,0.50,2.00,1.75,1.50,2.50,2.50,1.75,1.25,1.00,6.70,7.00,1.75,1.50,1.50,1.50,1.50,2.00,1.00,,,,,,,,,,,,,,,,,,,,,,,,,,,,,,,,,,,,
Colombo Investment Trust PLC,CIT,1986,1987,March,,3.00,0.00,1.20,1.20,1.20,0.00,1.20,1.20,1.20,1.20,1.20,1.00,1.00,1.50,1.50,1.20,1.00,1.00,1.00,1.00,0.75,0.60,,,,,,,,,,,,,,,,,,,,,,,,,,,,,,,,,,,,,,
Colombo Fort Investment PLC,CFI,1983,1986,March,,3.00,0.00,1.20,1.20,1.20,0.00,1.20,1.20,1.20,1.20,1.20,1.00,1.00,2.00,2.00,1.20,1.00,1.00,1.00,0.75,0.75,0.75,,,,,,,,,,,,,,,,,,,,,,,,,,,,,,,,,,,,,,
Renuka Holdings PLC,RHL,1979,2008,March,,,0.00,0.40,0.40,0.10,0.25,0.25,0.00,0.35,0.35,0.35,0.70,0.70,0.70,0.70,0.83,2.00,0.80,0.80,,,,,,,,,,,,,,,,,,,,,,,,,,,,,,,,,,,,,,,,,
Lee Hedges PLC,SHAW,1919,1954,March,,1.50,1.50,1.00,1.00,1.00,1.00,1.00,1.00,1.00,1.20,2.50,23.00,0.00,0.00,0.00,0.00,0.00,0.00,0.00,0.00,0.00,0.00,0.00,0.00,0.10,0.10,,,,,,,,,,,,,,,,,,,,,,,,,,,,,,,,,,
Galle Face Capital Partners PLC,WAPO,1920,2001,March,,2.15,2.05,1.25,0.00,0.00,0.00,0.40,0.00,0.25,0.25,1.25,0.00,0.00,0.00,0.00,132.00,17.50,15.00,10.00,1.50,7.50,5.00,2.50,0.00,,,,,,,,,,,,,,,,,,,,,,,,,,,,,,,,,,,,
Land & Property,,,,,,,,,,,,,,,,,,,,,,,,,,,,,,,,,,,,,,,,,,,,,,,,,,,,,,,,,,,,,,,,,
C T Land Development PLC ,CTLD,1983,1988,March,,,,0.00,0.00,0.00,1.75,2.25,3.50,3.20,3.00,2.85,2.60,2.00,1.40,1.20,1.00,0.50,1.10,1.10,1.00,0.80,0.70,0.25,0.50,1.40,1.10,,,,,,,,,,,,,,,,,,,,,,,,,,,,,,,,,,
Cargo Boat Development Company PLC ,CABO,1980,1981,March,,1.00,1.00,1.00,1.00,0.00,0.00,0.00,1.60,1.60,1.00,1.50,2.50,1.50,2.00,4.00,2.25,1.00,1.00,1.50,0.50,0.00,0.50,0.50,0.00,0.00,0.00,0.00,,,,,,,,,,,,,,,,,,,,,,,,,,,,,,,,,
City Housing & Real Estate Co PLC,CHOU,1983,1988,March,,,0.00,0.00,0.00,0.00,0.00,0.00,0.00,0.00,0.00,0.00,0.00,0.00,0.00,0.00,0.00,0.00,0.50,0.80,0.75,1.35,,,,,,,,,,,,,,,,,,,,,,,,,,,,,,,,,,,,,,,
Colombo Land & Development Company PLC,CLND,1983,1986,December,,,0.00,0.00,0.00,0.00,0.00,0.00,0.00,0.00,0.00,0.00,0.00,0.00,0.00,0.00,0.00,0.05,0.00,0.10,0.00,0.075,0.10,0.00,0.00,1.00,1.00,0.00,0.00,,,,,,,,,,,,,,,,,,,,,,,,,,,,,,,,
Commercial Development Company PLC,COMD,1980,1983,December,,,7.00,7.00,7.00,6.50,5.50,6.00,5.50,5.00,5.00,5.00,5.00,4.00,4.00,4.00,3.00,3.00,2.50,3.50,,,,,,,,,,,,,,,,,,,,,,,,,,,,,,,,,,,,,,,,,
East West Properties PLC ,EAST,1981,1983,March,,,0.00,0.00,0.00,0.00,8.50,0.00,0.00,0.00,0.00,0.00,0.00,0.00,0.00,0.50,1.00,0.00,0.00,0.00,0.00,8.50,0.00,,,,,,,,,,,,,,,,,,,,,,,,,,,,,,,,,,,,,,
Equity One PLC,EQIT,1981,1985,March,,,,0.00,0.00,0.00,0.00,0.00,0.00,0.00,0.15,0.15,0.35,0.11,0.00,0.00,0.00,0.00,0.20,0.20,0.20,2.00,2.00,2.00,1.20,,,,,,,,,,,,,,,,,,,,,,,,,,,,,,,,,,,,
Equity Two PLC,ETWO,1990,1994,March,,4.10,1.00,0.50,0.65,0.65,0.85,1.50,2.25,1.40,0.20,0.20,0.00,0.00,0.00,0.20,0.10,0.00,0.04,0.00,0.00,0.00,0.00,0.00,0.00,,,,,,,,,,,,,,,,,,,,,,,,,,,,,,,,,,,,
Huejay International Investments PLC,HUEJ,1981,1984,March,,,0.00,0.00,0.00,0.00,0.00,0.00,0.00,0.00,0.00,0.00,0.00,0.00,0.00,0.00,0.00,0.00,0.00,,,,,,,,,,,,,,,,,,,,,,,,,,,,,,,,,,,,,,,,,,
Infrastructure Developers LTD,IDL,1910,2002,March,,,0.00,0.00,0.00,0.00,0.00,0.00,0.00,0.00,0.00,0.00,0.00,0.00,0.00,0.00,0.00,0.00,,,,,,,,,,,,,,,,,,,,,,,,,,,,,,,,,,,,,,,,,,,
Kelsey Developments PLC,KDL,1983,1984,March,,,0.00,0.00,0.00,0.00,0.00,0.00,0.00,1.00,0.00,0.00,0.00,0.00,0.00,0.00,0.00,0.00,0.50,0.63,,,,,,,,,,,,,,,,,,,,,,,,,,,,,,,,,,,,,,,,,
Millennium Housing Developers PLC ,MHDL,1998,2014,March,,,0.00,0.00,0.00,0.00,0.00,0.00,0.35,0.35,0.275,0.275,0.25,,,,,,,,,,,,,,,,,,,,,,,,,,,,,,,,,,,,,,,,,,,,,,,,
Myland Developments PLC,MDL,2017,2021,March,,,0.00,0.00,0.25,,,,,,,,,,,,,,,,,,,,,,,,,,,,,,,,,,,,,,,,,,,,,,,,,,,,,,,,
On'ally Holdings PLC ,ONAL,1982,1988,March,,1.60,2.00,3.80,2.70,0.00,0.66,1.63,3.40,3.20,3.10,2.95,2.80,2.50,2.45,2.45,2.25,2.05,1.70,1.60,1.60,1.25,0.60,,,,,,,,,,,,,,,,,,,,,,,,,,,,,,,,,,,,,,
Overseas Reality (Ceylon) PLC,OSEA,1980,1982,December,,,1.35,"1,25",1.25,1.25,0.00,1.25,1.25,1.25,1.25,1.50,1.50,1.45,0.30,0.30,0.30,0.30,0.40,0.50,,,,,,,,,,,,,,,,,,,,,,,,,,,,,,,,,,,,,,,,,
Prime Lands Residencies PLC,PLR,2005,2021,March,,0.60,0.60,1.00,0.70,0.40,,,,,,,,,,,,,,,,,,,,,,,,,,,,,,,,,,,,,,,,,,,,,,,,,,,,,,,
Property Development PLC,PDL,1980,1981,December,,0.00,0.00,0.00,0.00,0.00,3.50,5.00,3.75,3.50,15.00,3.00,3.00,3.00,2.75,2.50,2.20,2.00,2.00,2.00,2.00,1.80,1.70,,,,,,,,,,,,,,,,,,,,,,,,,,,,,,,,,,,,,,
R I L Property PLC,RIL,2009,2017,March,,0.55,0.20,0.00,0.20,0.25,0.00,0.15,0.10,0.10,0.00,0.00,0.00,0.00,0.00,,,,,,,,,,,,,,,,,,,,,,,,,,,,,,,,,,,,,,,,,,,,,,
Serendib Land PLC ,SLND,1980,1983,March,,15.00,25.00,25.00,25.00,202.78,25.00,25.00,10.00,25.00,25.00,25.00,25.00,25.00,20.00,15.00,15.00,14.00,10.00,10.00,,,,,,,,,,,,,,,,,,,,,,,,,,,,,,,,,,,,,,,,,
Seylan Developments PLC,CSD,1992,1995,December,,,1.10,1.00,1.20,1.40,1.20,1.10,1.00,0.90,0.75,0.60,0.50,0.30,0.25,0.10,0.00,0.00,0.00,0.50,0.40,0.40,0.00,0.00,,,,,,,,,,,,,,,,,,,,,,,,,,,,,,,,,,,,,
Touchwood Investments PLC ,TWOD,1999,2002,March,,0.00,0.00,0.00,0.00,0.00,0.00,0.00,0.00,0.00,0.00,0.00,0.00,0.00,0.00,0.10,0.00,0.00,0.00,0.50,1.50,1.73,,,,,,,,,,,,,,,,,,,,,,,,,,,,,,,,,,,,,,,
York Arcade Holdings PLC ,YORK,1983,1985,March,,0.00,0.00,0.00,0.00,0.00,0.00,0.00,0.00,0.00,0.30,0.20,0.40,0.40,0.40,0.30,0.30,0.00,0.00,,,,,,,,,,,,,,,,,,,,,,,,,,,,,,,,,,,,,,,,,,
Manufacturing,,,,,,,,,,,,,,,,,,,,,,,,,,,,,,,,,,,,,,,,,,,,,,,,,,,,,,,,,,,,,,,,,
Abans Electricals PLC ,ABAN,1981,1984,March,,15.00,10.00,5.00,5.00,3.00,1.50,3.00,2.00,3.00,3.00,2.50,2.50,2.00,2.00,2.00,3.40,0.00,3.00,2.50,2.50,2.00,2.50,2.00,2.00,2.00,2.50,,,,,,,,,,,,,,,,,,,,,,,,,,,,,,,,,,
ACL Cables PLC,ACL,1962,1976,March,,1.50,1.25,1.25,2.00,1.50,1.50,1.50,1.50,1.50,2.00,1.00,1.00,1.00,0.70,0.00,0.00,0.50,3.50,5.50,,,,,,,,,,,,,,,,,,,,,,,,,,,,,,,,,,,,,,,,,
ACL Plastics PLC ,APLA,1991,1995,March,,25.00,20.00,15.00,15.00,10.00,6.00,6.00,6.00,6.00,6.00,4.00,2.00,1.00,1.00,2.50,0.75,0.75,0.75,0.75,,,,,,,,,,,,,,,,,,,,,,,,,,,,,,,,,,,,,,,,,
Acme Printing & Packaging PLC,ACME,1949,1956,March,,0.00,0.00,0.00,0.00,0.00,0.00,0.00,0.00,0.00,0.00,0.00,0.00,0.00,0.00,0.00,0.00,0.00,0.00,0.85,1.25,1.00,0.35,,,,,,,,,,,,,,,,,,,,,,,,,,,,,,,,,,,,,,
Agstar PLC,AGST,2002,2012,March,,0.00,0.00,0.00,0.00,0.20,0.00,0.20,0.10,0.00,0.20,0.20,0.10,0.10,0.05,,,,,,,,,,,,,,,,,,,,,,,,,,,,,,,,,,,,,,,,,,,,,,
Alpha Fire Services PLC,AFS,2003,2022,March,,,0.27,,,,,,,,,,,,,,,,,,,,,,,,,,,,,,,,,,,,,,,,,,,,,,,,,,,,,,,,,,
Alumex PLC,ALUM,2006,2014,March,,0.40,0.00,0.00,0.75,0.75,0.00,0.15,1.00,1.50,1.20,1.00,0.25,,,,,,,,,,,,,,,,,,,,,,,,,,,,,,,,,,,,,,,,,,,,,,,,
Alufab PLC,ALUF,1979,1981,March,,0.00,0.00,0.00,0.00,0.00,0.00,0.00,0.00,0.00,0.00,0.00,0.00,0.00,0.00,0.00,0.00,0.00,0.00,0.00,0.00,0.00,0.00,,,,,,,,,,,,,,,,,,,,,,,,,,,,,,,,,,,,,,
Blue Diamond Jewellery Worldwide PLC,BLUE,1990,1992,March,,0.00,0.00,0.00,0.00,0.00,0.00,0.00,0.00,0.00,0.00,0.00,0.00,0.00,0.00,0.00,0.00,0.00,,,,,,,,,,,,,,,,,,,,,,,,,,,,,,,,,,,,,,,,,,,
Bogala Graphite Lanka PLC,BOGA,1991,1992,December,,8.00,0.00,0.00,0.00,0.00,0.00,0.00,0.00,0.00,0.00,0.06,0.00,0.00,0.00,0.25,0.00,0.00,0.00,,,,,,,,,,,,,,,,,,,,,,,,,,,,,,,,,,,,,,,,,,
BPPL Holdings PLC,BPPL,1991,2017,March,0.25,0.35,"0,18",0.00,0.42,0.24,0.42,0.42,0.42,0.00,0.00,0.00,,,,,,,,,,,,,,,,,,,,,,,,,,,,,,,,,,,,,,,,,,,,,,,,,
Cable Solutions PLC,CSLK,2008,2024,March,,0.28,,,,,,,,,,,,,,,,,,,,,,,,,,,,,,,,,,,,,,,,,,,,,,,,,,,,,,,,,,,
Central Industries PLC,CIND,1984,1990,March,,6.00,6.00,6.00,5.00,8.00,4.00,2.50,2.00,2.75,5.50,4.50,3.00,3.00,3.00,2.50,7.00,5.25,4.50,4.50,3.75,3.50,,,,,,,,,,,,,,,,,,,,,,,,,,,,,,,,,,,,,,,
Ceylon Grain Elevators PLC,GRAN,1982,1984,December,,,23.00,18.00,0.00,6.00,18.00,4.50,3.00,2.00,2.50,1.10,0.00,0.00,0.14,1.00,0.00,0.00,0.00,0.00,0.00,0.00,0.00,,,,,,,,,,,,,,,,,,,,,,,,,,,,,,,,,,,,,,
Chevron Lubricants Lanka PLC,LLUB,1992,1996,December,,4.00,15.00,14.00,5.00,13.00,9.00,8.25,8.00,12.25,29.00,23.00,20.00,15.00,11.00,9.00,12.25,12.00,10.50,12.50,9.50,9.75,34.00,11.50,12.30,7.60,7.60,7.60,,,,,,,,,,,,,,,,,,,,,,,,,,,,,,,,,
Chrissworld PLC,CWL,2013,2021,March,,0.00,0.00,0.00,0.20,,,,,,,,,,,,,,,,,,,,,,,,,,,,,,,,,,,,,,,,,,,,,,,,,,,,,,,,
Dankotuwa Procelain PLC,DPL,1984,1995,December,,0.00,0.00,0.00,0.00,0.00,0.00,0.00,0.00,0.40,0.25,0.00,0.00,0.40,0.00,0.00,0.00,0.00,0.00,0.00,0.00,0.00,,,,,,,,,,,,,,,,,,,,,,,,,,,,,,,,,,,,,,,
Dipped Products PLC,DIPD,1976,1982,March,0.86,1.90,1.75,3.35,2.05,14.60,4.00,4.50,3.00,2.50,2.00,7.00,5.50,7.00,6.00,3.00,3.75,3.00,3.00,4.50,3.00,4.00,4.00,3.50,3.50,4.00,3.00,3.50,4.00,3.50,3.50,3.50,3.00,2.60,2.60,3.30,,,,,,,,,,,,,,,,,,,,,,,,,
Ex-Pack Corrugated cartons PLC,PACK,2002,2021,March,0.10,0.62,0.67,2.07,0.80,,,,,,,,,,,,,,,,,,,,,,,,,,,,,,,,,,,,,,,,,,,,,,,,,,,,,,,,
Hayleys Fibre PLC,HEXP,1987,1992,March,,,0.00,3.50,2.55,3.00,8.50,6.00,2.75,3.50,0.50,0.30,0.30,0.00,0.00,0.00,0.00,0.00,,,,,,,,,,,,,,,,,,,,,,,,,,,,,,,,,,,,,,,,,,,
JAT Holdings PLC,JAT,1993,2021,March,,0.60,0.50,0.94,0.95,,,,,,,,,,,,,,,,,,,,,,,,,,,,,,,,,,,,,,,,,,,,,,,,,,,,,,,,
Kelani Cables PLC ,KCAB,1969,1974,March,,15.00,10.00,6.50,6.50,4.50,4.50,3.50,3.50,3.50,4.50,3.00,1.50,1.50,2.50,0.50,2.75,2.00,2.25,6.50,3.00,3.00,3.00,2.50,2.50,2.50,2.50,2.50,,,,,,,,,,,,,,,,,,,,,,,,,,,,,,,,,
Kelani Tyres PLC ,TYRE,1991,1994,March,6.50,6.00,5.00,5.00,5.00,5.00,2.50,5.00,2.50,2.50,1.50,1.85,1.65,1.45,1.40,2.50,0.00,0.58,,,,,,,,,,,,,,,,,,,,,,,,,,,,,,,,,,,,,,,,,,,
Lanka Aluminium Industries PLC ,LALU,1983,1987,March,,1.50,1.00,0.00,0.00,0.00,1.00,1.50,3.50,3.00,2.00,1.00,1.50,0.00,0.50,0.50,1.25,0.75,1.25,1.25,0.60,1.25,1.25,,,,,,,,,,,,,,,,,,,,,,,,,,,,,,,,,,,,,,
Lanka Cement PLC,LCEM,1981,1982,December,,0.00,0.00,0.00,0.00,0.00,0.00,0.00,0.00,0.00,0.00,0.00,0.00,0.00,0.00,0.00,0.00,0.00,0.00,0.00,0.00,0.00,0.00,,,,,,,,,,,,,,,,,,,,,,,,,,,,,,,,,,,,,,
Lanka Ceramic PLC ,CERA,1991,1993,March,,8.90,3.70,0.00,2.60,2.20,0.00,0.00,0.00,8.00,7.50,3.50,2.75,0.00,1.10,2.50,6.60,1.25,1.00,,,,,,,,,,,,,,,,,,,,,,,,,,,,,,,,,,,,,,,,,,
Lanka Tiles PLC,TILE,1984,1986,March,,2.10,5.70,7.60,6.70,18.35,0.00,3.15,10.00,7.50,7.00,4.50,4.00,4.10,7.00,3.50,3.75,2.60,4.12,3.75,3.70,3.50,,,,,,,,,,,,,,,,,,,,,,,,,,,,,,,,,,,,,,,
Lanka Wall Tiles PLC,LWL,1975,1994,March,,1.70,4.70,7.20,7.70,16.70,0.00,3.00,9.50,7.50,7.50,4.00,2.50,3.00,4.00,2.50,2.00,1.73,4.20,3.75,3.65,1.50,,,,,,,,,,,,,,,,,,,,,,,,,,,,,,,,,,,,,,,
Orient Garments PLC,OGL,1982,2011,March,,0.00,0.00,0.00,0.00,0.00,0.00,0.00,0.00,0.00,0.00,0.00,0.00,0.00,0.50,0.00,,,,,,,,,,,,,,,,,,,,,,,,,,,,,,,,,,,,,,,,,,,,,
PGP Glass Ceylon PLC,GLAS,1956,1994,March,,3.06,1.55,1.66,0.50,0.58,0.20,0.18,0.18,0.26,0.35,0.23,0.38,0.38,0.36,0.30,0.00,0.02,0.15,0.03,0.15,0.18,3.60,3.00,3.00,,,,,,,,,,,,,,,,,,,,,,,,,,,,,,,,,,,,
Printcare PLC ,CARE,1979,1994,March,,,2.00,5.50,8.00,2.00,0.00,0.00,0.00,1.00,1.25,1.00,0.90,0.90,0.75,3.50,1.00,2.00,1.00,1.00,2.50,2.50,1.50,1.00,,,,,,,,,,,,,,,,,,,,,,,,,,,,,,,,,,,,,
Regnis (Lanka) PLC,REG,1987,1987,December,,0.00,0.00,0.00,0.00,2.60,6.25,7.30,0.00,10.50,18.50,9.00,7.00,2.00,2.50,6.00,6.00,3.00,2.50,3.00,0.00,1.79,1.50,3.32,4.50,4.50,3.50,3.00,,,,,,,,,,,,,,,,,,,,,,,,,,,,,,,,,
Richard Pieris Exports PLC ,REXP,1983,1993,March,,12.00,12.00,35.00,28.00,25.00,24.75,18.00,16.00,16.00,12.50,10.40,5.15,0.00,0.00,0.00,1.00,0.00,0.00,0.00,0.00,0.00,0.00,1.50,1.50,1.50,1.50,,,,,,,,,,,,,,,,,,,,,,,,,,,,,,,,,,
Royal Ceramics Lanka PLC,RCL,1990,1994,March,,1.60,2.90,2.90,3.75,15.20,0.00,4.00,7.00,9.00,8.00,5.00,1.00,2.00,4.00,2.50,1.25,2.00,1.00,2.00,2.00,2.00,1.00,1.00,2.00,5.00,2.50,,,,,,,,,,,,,,,,,,,,,,,,,,,,,,,,,,
Samson International PLC,SIL,1988,1993,March,,0.00,0.00,2.00,2.00,2.00,1.00,2.00,1.25,2.00,2.00,2.00,2.00,2.00,2.00,0.00,0.00,0.00,0.00,2.00,0.00,2.00,,,,,,,,,,,,,,,,,,,,,,,,,,,,,,,,,,,,,,,
Sierra Cables PLC ,SIRA,2000,2005,March,,0.00,0.00,0.00,0.00,0.00,0.20,0.00,0.00,0.25,0.20,0.20,0.00,0.00,0.00,0.10,0.20,0.06,0.00,,,,,,,,,,,,,,,,,,,,,,,,,,,,,,,,,,,,,,,,,,
Singer Industries (Ceylon) PLC ,SINI,1963,1982,March,,0.00,0.00,0.00,0.00,0.00,0.92,1.57,0.00,13.30,6.50,0.00,0.00,0.50,1.50,15.50,2.00,0.00,2.00,2.00,2.50,2.50,0.00,1.50,0.00,0.00,3.50,3.50,,,,,,,,,,,,,,,,,,,,,,,,,,,,,,,,,
Swadeshi Industrial Works PLC ,SWAD,1941,1970,March,,1.50,1.50,1.50,1.00,1.00,1.00,1.00,1.00,1.00,1.00,1.00,1.00,1.00,1.00,1.00,1.00,0.00,,,,,,,,,,,,,,,,,,,,,,,,,,,,,,,,,,,,,,,,,,,
Swisstek (Ceylon) PLC,PARQ,1967,1983,March,,1.50,0.80,1.30,2.70,7.80,0.00,2.00,3.50,1.50,1.50,0.50,0.00,0.00,0.00,0.00,0.00,0.00,0.00,,,,,,,,,,,,,,,,,,,,,,,,,,,,,,,,,,,,,,,,,,
Teejay Lanka PLC,TJL,2000,2011,March,,2.35,0.75,0.75,2.35,2.80,1.30,1.95,1.60,2.25,1.60,1.30,1.30,1.24,0.48,,,,,,,,,,,,,,,,,,,,,,,,,,,,,,,,,,,,,,,,,,,,,,
Tokyo Cement Company (Lanka) PLC - Voting,TKYO,1982,1984,March,,2.25,2.00,1.50,0.00,2.10,1.50,0.30,1.25,1.87,1.35,1.19,1.50,1.00,1.30,1.00,1.65,3.00,4.00,5.00,4.50,4.50,,,,,,,,,,,,,,,,,,,,,,,,,,,,,,,,,,,,,,,
Tokyo Cement Company (Lanka) PLC - Non Voting,TKYO,1982,1984,March,,2.25,2.00,1.50,0.00,2.10,1.50,0.30,1.25,1.87,1.35,1.19,1.50,1.00,1.30,1.00,1.65,0.30,0.40,0.50,0.45,0.45,,,,,,,,,,,,,,,,,,,,,,,,,,,,,,,,,,,,,,,
Motor,,,,,,,,,,,,,,,,,,,,,,,,,,,,,,,,,,,,,,,,,,,,,,,,,,,,,,,,,,,,,,,,,
C M Holdings PLC,COLO,1909,1970,March,,,5.00,5.00,5.00,5.00,0.00,2.00,2.00,6.00,6.00,6.00,3.00,3.00,4.00,1.50,1.00,0.50,0.50,0.50,0.50,,,,,,,,,,,,,,,,,,,,,,,,,,,,,,,,,,,,,,,,
Diesel & Motor Engineeing PLC,DIMO,1945,1964,March,,,5.00,10.00,12.50,12.50,2.50,2.50,20.00,24.00,27.00,20.00,10.00,10.00,40.00,61.00,7.00,3.00,4.00,6.00,6.00,5.00,3.50,3.00,3.00,4.00,3.00,3.00,2.00,0.00,3.00,3.00,3.00,2.00,2.00,,,,,,,,,,,,,,,,,,,,,,,,,,
Lanka Ashok Leyland PLC,ASHO,1982,1983,March,,20.00,15.00,5.00,10.00,2.00,5.00,10.00,35.00,30.00,25.00,40.00,5.00,10.00,60.00,30.00,15.00,7.50,10.00,10.00,10.00,10.00,0.00,0.00,0.00,0.00,,,,,,,,,,,,,,,,,,,,,,,,,,,,,,,,,,,
Sathosa Motors PLC,SMOT,1982,1993,March,,15.00,0.00,0.00,0.00,0.00,0.00,0.00,40.00,20.00,20.00,7.00,5.00,5.00,5.00,5.00,2.00,6.00,16.00,10.00,19.00,9.00,4.00,,,,,,,,,,,,,,,,,,,,,,,,,,,,,,,,,,,,,,
The Autodrome PLC ,AUTO,1953,1975,March,,,0.00,0.00,0.00,0.60,0.30,0.00,0.50,0.50,0.60,7.00,6.00,3.00,4.00,4.00,3.00,4.00,2.00,1.50,1.50,1.50,1.25,1.25,0.00,1.00,1.00,,,,,,,,,,,,,,,,,,,,,,,,,,,,,,,,,,
United Motors Lanka PLC,UML,1989,1989,March,,2.00,1.50,2.25,2.00,2.50,0.00,4.00,5.00,5.00,8.00,6.00,12.00,10.00,9.00,3.25,1.80,1.00,4.00,4.00,2.00,2.50,1.50,1.75,2.50,4.00,3.50,4.00,,,,,,,,,,,,,,,,,,,,,,,,,,,,,,,,,
Oil Palms,,,,,,,,,,,,,,,,,,,,,,,,,,,,,,,,,,,,,,,,,,,,,,,,,,,,,,,,,,,,,,,,,
Buki Darah PLC ,BUKI,1961,1970,March,,10.68,1.80,1.10,1.00,0.60,0.50,0.75,1.35,1.00,3.00,3.00,3.00,3.00,2.50,9.00,7.50,0.00,5.00,5.50,10.50,40.00,0.00,0.00,0.00,,,,,,,,,,,,,,,,,,,,,,,,,,,,,,,,,,,,
Good Hope PLC,GOOD,1910,1970,March,,,0.00,0.00,10.77,0.00,0.00,0.00,0.00,94.49,8.21,3.72,24.51,38.73,63.70,14.05,12.00,4.71,4.28,1.00,1.00,1.00,1.00,0.00,0.00,,,,,,,,,,,,,,,,,,,,,,,,,,,,,,,,,,,,
Indo Malay PLC,INDO,1906,1970,March,,,0.00,0.00,7.58,0.00,0.00,0.00,0.00,50.93,5.03,2.60,22.43,40.08,17.25,10.60,9.50,1.00,2.84,0.55,0.00,0.00,1.00,0.00,0.00,,,,,,,,,,,,,,,,,,,,,,,,,,,,,,,,,,,,
Selinsing PLC ,SELI,1907,1970,March,,,0.00,0.00,9.50,0.00,0.00,0.00,0.00,73.36,8.72,5.90,37.98,57.11,60.30,20.60,12.50,3.72,5.06,2.15,1.00,1.00,1.00,0.00,0.00,,,,,,,,,,,,,,,,,,,,,,,,,,,,,,,,,,,,
Shalimar (Malay) PLC,SHAL,1909,1970,March,,,0.00,0.00,8.90,0.00,0.00,0.00,0.00,42.24,7.25,3.56,30.97,40.83,24.50,14.00,10.00,39.00,28.40,2.45,13.10,1.00,62.00,0.00,0.00,,,,,,,,,,,,,,,,,,,,,,,,,,,,,,,,,,,,
Plantations,,,,,,,,,,,,,,,,,,,,,,,,,,,,,,,,,,,,,,,,,,,,,,,,,,,,,,,,,,,,,,,,,
Agalawatte Plantations PLC,AGAL,1992,1996,December,,,3.50,0.00,0.00,0.00,0.00,0.00,0.00,0.00,0.00,0.00,0.00,0.00,2.00,2.50,2.50,0.00,2.00,2.00,,,,,,,,,,,,,,,,,,,,,,,,,,,,,,,,,,,,,,,,,
Agarapatana Plantations PLC,AGPL,1992,2023,March,,1.50,,,,,,,,,,,,,,,,,,,,,,,,,,,,,,,,,,,,,,,,,,,,,,,,,,,,,,,,,,,
Aitken Spence Plantation Managements Ltd,ASPM,1992,2013,March,,,0.00,0.00,11.00,8.00,5.00,2.00,3.00,3.00,2.00,3.00,2.00,,,,,,,,,,,,,,,,,,,,,,,,,,,,,,,,,,,,,,,,,,,,,,,,
Balangoda Plantations ,BALA,1992,1998,December,,,1.00,0.00,2.00,0.00,0.00,0.00,0.00,0.00,0.00,0.00,0.00,1.00,1.00,0.00,2.00,1.25,0.75,2.00,0.00,0.00,1.50,0.00,0.00,1.25,2.50,1.75,1.00,3.00,,,,,,,,,,,,,,,,,,,,,,,,,,,,,,,
Bogawantalawa Tea Estate PLC,BOPL,1992,1995,March,,2.00,0.00,1.50,0.00,0.00,0.00,0.00,0.00,0.00,0.00,0.00,0.00,0.10,0.00,0.00,0.50,0.00,0.30,0.00,0.50,0.50,0.50,1.00,1.00,1.50,0.50,,,,,,,,,,,,,,,,,,,,,,,,,,,,,,,,,,
Elpitiya Plantations PLC ,ELPL,1992,2000,March,,5.50,5.00,19.00,3.00,2.00,0.75,1.20,1.25,1.00,0.50,0.75,0.75,0.50,0.00,0.36,0.50,,,,,,,,,,,,,,,,,,,,,,,,,,,,,,,,,,,,,,,,,,,,
Hapugastenne Plantations PLC,HAPU,1992,1998,December,,,0.00,0.00,0.00,0.00,0.00,0.00,0.00,0.00,0.00,0.00,0.00,0.00,0.00,0.00,2.00,1.00,2.00,2.00,,,,,,,,,,,,,,,,,,,,,,,,,,,,,,,,,,,,,,,,,
Hatton Plantations PLC,HPL,2017,2018,March,1.00,1.00,3.00,1.50,0.50,0.50,0.00,0.00,0.75,,,,,,,,,,,,,,,,,,,,,,,,,,,,,,,,,,,,,,,,,,,,,,,,,,,,
Horana Plantations PLC,HOPL,1992,1996,March,0.69,2.45,1.65,1.00,0.00,0.00,0.00,0.50,0.00,0.00,0.00,0.50,1.00,2.00,1.00,4.00,1.00,0.50,1.50,1.50,1.00,0.50,,,,,,,,,,,,,,,,,,,,,,,,,,,,,,,,,,,,,,,
Kahawatee Plantations PLC,KAHA,1992,1998,December,,0.00,0.00,0.00,0.00,0.00,0.00,0.00,0.00,0.00,0.00,0.00,0.00,0.00,0.50,0.00,0.00,0.00,0.00,,,,,,,,,,,,,,,,,,,,,,,,,,,,,,,,,,,,,,,,,,
Kegalle Plantations PLC,KGAL,1992,1996,March,,3.50,3.50,7.00,5.00,4.00,0.00,5.00,7.50,5.00,45.00,2.00,13.50,0.00,7.50,3.00,3.00,1.00,5.00,3.00,2.50,1.50,1.50,0.00,0.00,0.50,0.75,,,,,,,,,,,,,,,,,,,,,,,,,,,,,,,,,,
Kelani Valley Plantations PLC,KVAL,1992,1996,December,0.60,2.60,3.75,10.00,4.45,3.50,0.00,0.00,1.00,0.00,0.00,0.00,1.00,3.50,6.00,5.00,4.00,1.00,3.50,5.50,3.50,2.00,2.50,1.50,1.00,0.80,1.00,0.50,,,,,,,,,,,,,,,,,,,,,,,,,,,,,,,,,
Kotagala Plantations ,KOTA,1992,1995,March,,0.00,0.00,0.00,0.00,0.00,0.00,0.00,0.00,0.00,0.00,0.00,0.00,2.50,2.00,10.00,3.00,1.00,3.00,3.00,1.00,0.75,,,,,,,,,,,,,,,,,,,,,,,,,,,,,,,,,,,,,,,
Madulsima Plantations PLC,MADU,1992,1998,December,,0.00,0.00,0.00,0.00,0.00,0.00,0.00,0.00,0.00,0.00,0.00,0.00,0.00,0.00,0.00,0.00,0.00,0.00,0.00,0.00,0.00,0.00,0.00,,,,,,,,,,,,,,,,,,,,,,,,,,,,,,,,,,,,,
Malwatte Valley Plantaions  PLC,MAL,1992,2000,December,,0.00,0.20,0.00,0.16,0.12,0.10,0.00,0.00,0.15,0.00,0.00,0.025,0.10,0.075,0.05,0.00,1.00,1.00,0.75,,,,,,,,,,,,,,,,,,,,,,,,,,,,,,,,,,,,,,,,,
Maskeliya Plantations PLC,MASK,1992,1997,March,,4.50,0.00,0.00,0.00,0.00,0.00,0.00,0.00,0.00,0.00,0.00,0.00,0.00,0.00,0.00,0.00,0.00,1.00,0.50,1.50,1.00,0.00,1.50,2.50,2.50,2.50,,,,,,,,,,,,,,,,,,,,,,,,,,,,,,,,,,
Metropolitan Resource Holdings PLC ,MPRH,1974,1999,March,,0.00,0.00,0.00,0.00,0.00,0.00,0.00,0.00,0.00,0.60,0.00,1.58,0.00,1.25,0.00,0.00,0.00,0.00,0.60,,,,,,,,,,,,,,,,,,,,,,,,,,,,,,,,,,,,,,,,,
Namunukula Plantations PLC,NAMU,1992,1999,March,,15.00,13.00,14.00,10.00,8.50,0.00,8.50,14.00,7.50,0.00,2.00,10.50,0.00,4.50,1.70,0.00,0.00,2.00,0.00,,,,,,,,,,,,,,,,,,,,,,,,,,,,,,,,,,,,,,,,,
Talawakelle Tea Estates PLC,TPL,1992,2000,December,1.74,7.15,9.50,31.35,5.65,8.25,0.00,6.00,6.50,2.00,0.00,3.00,0.00,3.00,2.50,0.00,2.50,0.00,1.25,2.50,2.50,1.50,1.50,0.75,0.75,1.00,1.50,,,,,,,,,,,,,,,,,,,,,,,,,,,,,,,,,,
Udapussellawa Plantations PLC,UDPL,1992,1998,December,,0.00,0.00,0.00,0.00,0.00,0.00,0.00,0.00,0.00,0.00,0.00,0.00,0.00,0.00,0.00,0.00,0.00,0.00,,,,,,,,,,,,,,,,,,,,,,,,,,,,,,,,,,,,,,,,,,
Watawala Plantations PLC,WATA,1992,1997,March,,10.70,15.00,10.00,14.00,6.00,3.00,2.00,1.00,1.50,0.75,1.45,0.50,0.75,0.35,0.85,2.75,0.00,2.50,1.50,1.25,1.00,0.75,0.00,0.50,1.00,0.00,,,,,,,,,,,,,,,,,,,,,,,,,,,,,,,,,,
Power & Energy,,,,,,,,,,,,,,,,,,,,,,,,,,,,,,,,,,,,,,,,,,,,,,,,,,,,,,,,,,,,,,,,,
Resus Energy PLC,HPWR,2003,2009,March,0.75,1.00,1.25,3.00,0.00,2.00,0.00,10.50,2.00,0.00,0.70,0.00,0.75,1.40,2.00,1.30,0.99,1.08,1.12,0.67,,,,,,,,,,,,,,,,,,,,,,,,,,,,,,,,,,,,,,,,,
Lotus Hydro Power PLC,HPFL,2000,2010,March,0.80,0.70,1.40,0.00,1.00,1.00,0.80,0.00,0.35,0.80,0.00,0.00,0.10,0.00,0.00,0.50,0.59,0.00,5.50,0.00,,,,,,,,,,,,,,,,,,,,,,,,,,,,,,,,,,,,,,,,,
Lanka IOC PLC,LIOC,2002,2004,March,,5.00,5.00,4.00,2.25,0.85,0.75,0.75,0.65,1.25,1.25,1.00,2.00,1.00,0.00,0.00,0.00,0.00,0.00,0.00,0.00,0.00,0.00,0.00,,,,,,,,,,,,,,,,,,,,,,,,,,,,,,,,,,,,,
Laugfs Gas Ltd. ,LGL,2004,2010,March,,,0.00,0.00,0.00,0.00,0.00,0.00,0.00,0.00,1.00,2.00,2.00,1.50,1.50,1.50,,,,,,,,,,,,,,,,,,,,,,,,,,,,,,,,,,,,,,,,,,,,,
LVL Energy Fund PLC,LVEF,2006,2018,March,,,0.00,0.00,0.00,0.35,0.35,0.65,0.40,0.00,0.55,,,,,,,,,,,,,,,,,,,,,,,,,,,,,,,,,,,,,,,,,,,,,,,,,,
Mackwoods Energy PLC,MEL,1979,2012,March,,,0.00,0.00,0.00,0.00,0.00,0.00,0.00,0.00,0.00,0.10,0.10,0.00,0.00,0.00,,,,,,,,,,,,,,,,,,,,,,,,,,,,,,,,,,,,,,,,,,,,,
Panasian Power PLC,PAP,2002,2011,March,,0.20,0.20,0.00,0.20,0.26,0.22,0.16,0.13,0.15,0.15,0.30,0.00,0.10,0.15,0.25,1.00,,,,,,,,,,,,,,,,,,,,,,,,,,,,,,,,,,,,,,,,,,,,
Vallibel Power Erathna PLC,VPEL,2001,2006,March,,0.75,1.75,0.50,1.05,1.00,0.70,0.70,0.70,0.80,1.00,1.00,0.60,0.25,0.25,0.20,0.25,0.41,0.57,0.27,,,,,,,,,,,,,,,,,,,,,,,,,,,,,,,,,,,,,,,,,
Vidullanka PLC ,VLL,1997,2005,March,0.35,1.70,0.36,0.20,0.30,0.10,0.23,0.15,0.20,0.10,0.225,0.175,0.075,0.10,0.075,0.20,1.50,0.60,0.50,,1.00,,,,,,,,,,,,,,,,,,,,,,,,,,,,,,,,,,,,,,,,
WindForce PLC,WIND,2010,2021,March,,1.00,1.00,0.00,1.30,,,,,,,,,,,,,,,,,,,,,,,,,,,,,,,,,,,,,,,,,,,,,,,,,,,,,,,,
Services,,,,,,,,,,,,,,,,,,,,,,,,,,,,,,,,,,,,,,,,,,,,,,,,,,,,,,,,,,,,,,,,,
Asia Siyaka Commodities PLC,ASIY,1998,2012,March,,0.45,0.45,0.70,0.23,0.13,0.05,0.30,0.25,0.20,0.00,0.30,0.38,0.38,0.00,,,,,,,,,,,,,,,,,,,,,,,,,,,,,,,,,,,,,,,,,,,,,,
Ceylon Printers PLC ,CPRT,1958,1974,March,,,0.00,0.00,0.00,0.00,0.00,0.00,0.00,0.00,0.00,0.00,11.00,0.00,0.00,10.00,0.00,10.00,0.00,2.00,,,,,,,,,,,,,,,,,,,,,,,,,,,,,,,,,,,,,,,,,
Ceylon Tea Brokers PLC ,CTBL,1999,2010,March,,,0.44,0.68,0.36,0.35,0.08,0.35,0.325,0.175,0.125,0.25,0.25,0.17,0.25,0.20,0.15,0.05,0.10,,,,,,,,,,,,,,,,,,,,,,,,,,,,,,,,,,,,,,,,,,
John Keells PLC ,JKL,1960,1974,March,0.45,2.60,2.90,2.95,0.00,3.29,0.00,2.00,2.30,2.00,1.00,3.75,3.40,3.50,4.00,5.00,5.00,5.00,3.50,11.45,2.25,5.00,5.00,,,,,,,,,,,,,,,,,,,,,,,,,,,,,,,,,,,,,,
Ceylon Land & Equity PLC,KZOO,1958,1958,March,,,0.10,0.20,0.20,0.20,0.10,0.13,0.13,0.00,0.00,0.00,0.00,0.00,0.00,5.00,0.00,0.00,0.00,3.00,,,,,,,,,,,,,,,,,,,,,,,,,,,,,,,,,,,,,,,,,
Lake House Printers and Publishers PLC,LPRT,1965,1975,March,,6.00,6.00,5.00,2.00,1.75,2.25,2.00,1.50,1.25,1.00,1.20,1.00,0.75,1.00,0.00,0.00,0.00,0.00,0.50,0.00,0.00,0.00,0.00,0.00,1.00,1.00,,,,,,,,,,,,,,,,,,,,,,,,,,,,,,,,,,
Mercantile Shipping Company PLC,MSL,1981,1983,March,,,0.00,0.00,0.00,0.00,0.00,0.00,0.00,0.00,0.00,0.00,0.00,0.00,0.00,0.00,5.50,0.00,2.50,1.50,,,,,,,,,,,,,,,,,,,,,,,,,,,,,,,,,,,,,,,,,
Paragon Ceylon PLC,PARA,1958,1974,March,,,0.00,0.00,0.00,0.00,0.00,0.00,0.00,0.00,0.00,0.00,0.50,0.00,0.00,0.00,0.00,2.50,0.00,,,,,,,,,,,,,,,,,,,,,,,,,,,,,,,,,,,,,,,,,,
Stores & Supplies,,,,,,,,,,,,,,,,,,,,,,,,,,,,,,,,,,,,,,,,,,,,,,,,,,,,,,,,,,,,,,,,,
E. B Creasy & Company PLC ,EBCR,1929,1968,March,,1.50,1.50,1.00,0.50,1.00,18.00,12.00,36.00,36.00,30.00,20.00,12.50,10.00,10.00,10.00,3.00,2.50,2.00,2.00,2.00,2.00,0.00,,,,,,,,,,,,,,,,,,,,,,,,,,,,,,,,,,,,,,
Gestetner of Ceylon PLC ,GEST,1964,1965,March,,3.25,3.00,7.00,0.00,0.00,0.00,1.25,0.00,15.00,1.00,9.00,5.00,4.00,3.00,1.50,0.00,0.00,0.00,0.00,0.00,0.00,0.00,0.00,1.00,,,,,,,,,,,,,,,,,,,,,,,,,,,,,,,,,,,,
Hunters & Company PLC ,HUNT,1911,1947,March,,,0.00,5.00,15.41,10.00,0.00,2.25,2.25,3.75,5.00,4.00,0.00,0.00,2.25,1.50,0.50,0.50,0.50,0.50,0.50,0.50,,,,,,,,,,,,,,,,,,,,,,,,,,,,,,,,,,,,,,,
Colombo City Holdings PLC,PHAR,1913,1949,March,,,0.00,0.00,0.00,50.00,0.00,30.00,15.00,0.00,10.00,5.00,0.00,0.00,0.00,0.00,4.25,3.75,3.75,2.50,2.50,2.25,,,,,,,,,,,,,,,,,,,,,,,,,,,,,,,,,,,,,,,
Telecommunications,,,,,,,,,,,,,,,,,,,,,,,,,,,,,,,,,,,,,,,,,,,,,,,,,,,,,,,,,,,,,,,,,
Dialog Axiata PLC,DIAL,1993,2005,December,,,1.00,1.34,0.00,1.24,0.74,0.53,0.37,0.46,0.39,0.32,0.13,0.29,0.33,0.25,0.20,0.00,0.00,0.55,0.55,0.38,0.00,,,,,,,,,,,,,,,,,,,,,,,,,,,,,,,,,,,,,,
Sri Lanka Telecom PLC,SLTL,1974,2003,December,,,0.25,0.00,0.25,2.02,1.49,1.06,1.06,0.89,0.89,0.89,0.89,0.85,0.85,0.85,0.60,0.25,1.00,1.00,1.00,0.75,0.50,,,,,,,,,,,,,,,,,,,,,,,,,,,,,,,,,,,,,,
Trading,,,,,,,,,,,,,,,,,,,,,,,,,,,,,,,,,,,,,,,,,,,,,,,,,,,,,,,,,,,,,,,,,
Brown & Company PLC ,BRWN,1892,1970,March,,,0.00,0.00,0.00,0.00,0.00,0.00,0.00,0.50,0.30,2.65,0.00,0.50,1.32,1.32,0.00,0.00,17.20,1.60,1.60,0.80,0.00,0.00,0.00,,,,,,,,,,,,,,,,,,,,,,,,,,,,,,,,,,,,
C.W. Mackie  ( Year end March changed from 2010),CWM,1922,1995,March,,8.00,8.00,12.00,10.00,7.00,0.00,3.50,3.50,3.50,3.50,3.00,3.00,3.00,2.00,1.00,,1.00,0.75,0.75,1.00,0.50,0.00,0.00,0.00,0.00,,,,,,,,,,,,,,,,,,,,,,,,,,,,,,,,,,,
Ceylon & Foreign Trades PLC,CFT,1949,1979,March,,,0.00,0.00,0.00,0.00,0.00,0.00,0.00,0.00,0.00,0.05,0.00,0.00,0.05,0.00,0.00,0.00,0.00,,,,,,,,,,,,,,,,,,,,,,,,,,,,,,,,,,,,,,,,,,
Eastern Merchants PLC ,EMER,1945,1982,March,,0.00,0.00,0.00,0.15,0.00,0.00,0.00,0.00,0.00,0.00,0.06,0.00,0.00,0.08,3.00,3.00,2.85,6.50,3.50,1.00,1.00,,,,,,,,,,,,,,,,,,,,,,,,,,,,,,,,,,,,,,,
Office Equipment PLC ,OFEQ,1958,1974,March,,0.00,0.00,10.00,0.00,0.00,0.00,0.00,1.50,1.00,1.25,0.00,32.50,30.00,30.00,30.00,12.50,15.00,2.00,2.50,,,,,,,,,,,,,,,,,,,,,,,,,,,,,,,,,,,,,,,,,
Radiant Gems International PLC,RGEM,1979,1983,March,,0.00,0.00,0.00,0.00,0.00,0.00,0.00,0.00,0.00,0.00,0.00,0.00,0.00,0.00,0.00,0.00,0.00,0.00,,,,,,,,,,,,,,,,,,,,,,,,,,,,,,,,,,,,,,,,,,
Singer Sri Lanka PLC ,SINS,1974,1981,December,0.68,0.98,0.00,0.00,1.05,1.55,0.25,0.65,0.00,2.20,8.80,4.20,2.50,2.50,0.00,7.50,4.50,0.00,4.00,2.00,2.50,2.50,2.50,3.50,4.50,3.70,4.00,4.00,6.75,3.75,3.50,3.50,3.30,,,,,,,,,,,,,,,,,,,,,,,,,,,,
Tess Agro PLC,TESS,1992,2002,March,,0.00,0.00,0.00,0.00,0.00,0.00,0.00,0.00,0.00,0.00,0.00,0.00,0.00,0.00,0.05,0.00,0.00,0.00,0.00,0.00,,,,,,,,,,,,,,,,,,,,,,,,,,,,,,,,,,,,,,,,
Transportation,,,,,,,,,,,,,,,,,,,,,,,,,,,,,,,,,,,,,,,,,,,,,,,,,,,,,,,,,,,,,,,,,
Digital Mobility Solutions Lanka PLC,PKME,2015,2024,March,,2.30,,,,,,,,,,,,,,,,,,,,,,,,,,,,,,,,,,,,,,,,,,,,,,,,,,,,,,,,,,,
"The information contained in this sheet, researched and compiled for 
purposes of information and does not purport to be complete description 
of the subject matter referred to herein. In preparing this sheet care 
has been exercised to collect information from sources, which we believe
 to be reliable although we do not guarantee the accuracy and 
completeness thereof. http://sharemarket-srilanka.blogspot.com 
(SriLankan Share Market) and/or its affiliates and/or its web masters 
shall not in any way be responsible or liable for loss or damage which 
any person or party may sustain or incur by relying on the contents of 
this report and acting directly or indirectly in any manner whatsoever.",,,,,,,,,,,,,,,,,,,,,,,,,,,,,,,,,,,,,,,,,,,,,,,,,,,,,,,,,,,,,,,,,